point_id,figure_id,dataset,backbone,seed,val_acc,test_acc
f5_6179ca57b29209cd,5,cora,sage,12345,77.2525863647461,80.35450744628906
f5_6179ca57b29209cd,5,cora,sage,12346,75.77548217773438,74.15066528320312
f5_6179ca57b29209cd,5,cora,sage,12347,78.28656005859375,79.17282104492188
f5_6179ca57b29209cd,5,cora,sage,12348,76.95716094970703,77.10487365722656
f5_6179ca57b29209cd,5,cora,sage,12349,79.61595153808594,79.3205337524414
f5_6179ca57b29209cd,5,cora,sage,12350,74.44608306884766,72.08271789550781
f5_6179ca57b29209cd,5,cora,sage,12351,73.8552474975586,72.82127380371094
f5_6179ca57b29209cd,5,cora,sage,12352,79.02510833740234,77.4002914428711
f5_6179ca57b29209cd,5,cora,sage,12353,75.18463897705078,77.99113464355469
f5_6179ca57b29209cd,5,cora,sage,12354,78.43426513671875,77.84342956542969
f5_a11121e97f259abf,5,cora,sage,12345,77.4002914428711,79.76366424560547
f5_a11121e97f259abf,5,cora,sage,12346,75.92318725585938,74.74150848388672
f5_a11121e97f259abf,5,cora,sage,12347,78.13884735107422,78.13884735107422
f5_a11121e97f259abf,5,cora,sage,12348,76.95716094970703,77.10487365722656
f5_a11121e97f259abf,5,cora,sage,12349,79.76366424560547,79.17282104492188
f5_a11121e97f259abf,5,cora,sage,12350,74.15066528320312,72.23043060302734
f5_a11121e97f259abf,5,cora,sage,12351,74.44608306884766,73.412109375
f5_a11121e97f259abf,5,cora,sage,12352,79.02510833740234,80.35450744628906
f5_a11121e97f259abf,5,cora,sage,12353,75.18463897705078,77.99113464355469
f5_a11121e97f259abf,5,cora,sage,12354,78.43426513671875,77.84342956542969
f5_365b10b1aa6f68f3,5,cora,sage,12345,77.4002914428711,79.911376953125
f5_365b10b1aa6f68f3,5,cora,sage,12346,76.80945587158203,75.33235168457031
f5_365b10b1aa6f68f3,5,cora,sage,12347,78.28656005859375,78.13884735107422
f5_365b10b1aa6f68f3,5,cora,sage,12348,76.80945587158203,77.10487365722656
f5_365b10b1aa6f68f3,5,cora,sage,12349,79.76366424560547,78.72969055175781
f5_365b10b1aa6f68f3,5,cora,sage,12350,74.88921356201172,71.63958740234375
f5_365b10b1aa6f68f3,5,cora,sage,12351,73.8552474975586,75.03692626953125
f5_365b10b1aa6f68f3,5,cora,sage,12352,79.3205337524414,80.35450744628906
f5_365b10b1aa6f68f3,5,cora,sage,12353,75.18463897705078,77.99113464355469
f5_365b10b1aa6f68f3,5,cora,sage,12354,78.43426513671875,77.84342956542969
f5_d45213f96022480d,5,cora,sage,12345,77.2525863647461,80.05908203125
f5_d45213f96022480d,5,cora,sage,12346,75.62776947021484,74.74150848388672
f5_d45213f96022480d,5,cora,sage,12347,77.99113464355469,79.02510833740234
f5_d45213f96022480d,5,cora,sage,12348,76.95716094970703,76.95716094970703
f5_d45213f96022480d,5,cora,sage,12349,79.76366424560547,78.58197784423828
f5_d45213f96022480d,5,cora,sage,12350,74.88921356201172,71.19645690917969
f5_d45213f96022480d,5,cora,sage,12351,74.29837799072266,73.55982208251953
f5_d45213f96022480d,5,cora,sage,12352,79.17282104492188,80.79763793945312
f5_d45213f96022480d,5,cora,sage,12353,75.33235168457031,78.13884735107422
f5_d45213f96022480d,5,cora,sage,12354,78.43426513671875,78.72969055175781
f5_3fc1980c885956bd,5,cora,sage,12345,77.4002914428711,80.50221252441406
f5_3fc1980c885956bd,5,cora,sage,12346,76.51403045654297,75.77548217773438
f5_3fc1980c885956bd,5,cora,sage,12347,78.28656005859375,78.28656005859375
f5_3fc1980c885956bd,5,cora,sage,12348,77.2525863647461,76.6617431640625
f5_3fc1980c885956bd,5,cora,sage,12349,79.61595153808594,78.87740325927734
f5_3fc1980c885956bd,5,cora,sage,12350,74.15066528320312,71.78730010986328
f5_3fc1980c885956bd,5,cora,sage,12351,74.15066528320312,73.264404296875
f5_3fc1980c885956bd,5,cora,sage,12352,79.02510833740234,77.84342956542969
f5_3fc1980c885956bd,5,cora,sage,12353,75.33235168457031,78.13884735107422
f5_3fc1980c885956bd,5,cora,sage,12354,78.28656005859375,78.13884735107422
f5_fac01d89a591f5e0,5,cora,sage,12345,76.95716094970703,79.61595153808594
f5_fac01d89a591f5e0,5,cora,sage,12346,76.36632537841797,75.48005676269531
f5_fac01d89a591f5e0,5,cora,sage,12347,78.43426513671875,78.87740325927734
f5_fac01d89a591f5e0,5,cora,sage,12348,76.80945587158203,76.95716094970703
f5_fac01d89a591f5e0,5,cora,sage,12349,79.3205337524414,78.87740325927734
f5_fac01d89a591f5e0,5,cora,sage,12350,74.88921356201172,68.98079681396484
f5_fac01d89a591f5e0,5,cora,sage,12351,74.15066528320312,74.29837799072266
f5_fac01d89a591f5e0,5,cora,sage,12352,79.02510833740234,80.79763793945312
f5_fac01d89a591f5e0,5,cora,sage,12353,75.62776947021484,77.10487365722656
f5_fac01d89a591f5e0,5,cora,sage,12354,78.28656005859375,77.99113464355469
f5_e1fc189944e585a2,5,cora,sage,12345,77.10487365722656,79.4682388305664
f5_e1fc189944e585a2,5,cora,sage,12346,77.10487365722656,73.8552474975586
f5_e1fc189944e585a2,5,cora,sage,12347,78.43426513671875,77.54800415039062
f5_e1fc189944e585a2,5,cora,sage,12348,77.4002914428711,77.54800415039062
f5_e1fc189944e585a2,5,cora,sage,12349,80.05908203125,79.02510833740234
f5_e1fc189944e585a2,5,cora,sage,12350,74.88921356201172,71.34416198730469
f5_e1fc189944e585a2,5,cora,sage,12351,74.15066528320312,74.29837799072266
f5_e1fc189944e585a2,5,cora,sage,12352,79.02510833740234,76.80945587158203
f5_e1fc189944e585a2,5,cora,sage,12353,75.62776947021484,77.69571685791016
f5_e1fc189944e585a2,5,cora,sage,12354,78.13884735107422,78.72969055175781
f5_aabd69c57b7332ab,5,cora,sage,12345,77.2525863647461,79.61595153808594
f5_aabd69c57b7332ab,5,cora,sage,12346,76.80945587158203,74.0029525756836
f5_aabd69c57b7332ab,5,cora,sage,12347,78.87740325927734,78.43426513671875
f5_aabd69c57b7332ab,5,cora,sage,12348,77.10487365722656,78.43426513671875
f5_aabd69c57b7332ab,5,cora,sage,12349,79.911376953125,78.87740325927734
f5_aabd69c57b7332ab,5,cora,sage,12350,75.03692626953125,71.34416198730469
f5_aabd69c57b7332ab,5,cora,sage,12351,74.59379577636719,76.21861267089844
f5_aabd69c57b7332ab,5,cora,sage,12352,79.17282104492188,76.51403045654297
f5_aabd69c57b7332ab,5,cora,sage,12353,75.03692626953125,77.54800415039062
f5_aabd69c57b7332ab,5,cora,sage,12354,78.43426513671875,77.84342956542969
f5_006d9afd68260194,5,cora,sage,12345,77.10487365722656,80.20679473876953
f5_006d9afd68260194,5,cora,sage,12346,77.69571685791016,76.0708999633789
f5_006d9afd68260194,5,cora,sage,12347,78.72969055175781,78.28656005859375
f5_006d9afd68260194,5,cora,sage,12348,76.51403045654297,78.13884735107422
f5_006d9afd68260194,5,cora,sage,12349,80.35450744628906,79.02510833740234
f5_006d9afd68260194,5,cora,sage,12350,75.48005676269531,70.0147705078125
f5_006d9afd68260194,5,cora,sage,12351,76.21861267089844,76.6617431640625
f5_006d9afd68260194,5,cora,sage,12352,79.17282104492188,76.80945587158203
f5_006d9afd68260194,5,cora,sage,12353,75.18463897705078,78.28656005859375
f5_006d9afd68260194,5,cora,sage,12354,78.13884735107422,77.99113464355469
f5_a032a495509ee05f,5,cora,sage,12345,77.54800415039062,79.4682388305664
f5_a032a495509ee05f,5,cora,sage,12346,77.54800415039062,76.6617431640625
f5_a032a495509ee05f,5,cora,sage,12347,78.58197784423828,78.43426513671875
f5_a032a495509ee05f,5,cora,sage,12348,77.99113464355469,78.28656005859375
f5_a032a495509ee05f,5,cora,sage,12349,80.6499252319336,79.3205337524414
f5_a032a495509ee05f,5,cora,sage,12350,75.92318725585938,72.37813568115234
f5_a032a495509ee05f,5,cora,sage,12351,75.77548217773438,76.36632537841797
f5_a032a495509ee05f,5,cora,sage,12352,79.4682388305664,77.2525863647461
f5_a032a495509ee05f,5,cora,sage,12353,75.48005676269531,77.99113464355469
f5_a032a495509ee05f,5,cora,sage,12354,78.13884735107422,77.99113464355469
f5_f951697edaf93ddb,5,cora,sage,12345,79.02510833740234,79.4682388305664
f5_f951697edaf93ddb,5,cora,sage,12346,75.03692626953125,72.08271789550781
f5_f951697edaf93ddb,5,cora,sage,12347,75.03692626953125,76.21861267089844
f5_f951697edaf93ddb,5,cora,sage,12348,74.88921356201172,75.62776947021484
f5_f951697edaf93ddb,5,cora,sage,12349,78.28656005859375,78.87740325927734
f5_f951697edaf93ddb,5,cora,sage,12350,71.04874420166016,70.90103149414062
f5_f951697edaf93ddb,5,cora,sage,12351,82.57015991210938,81.68389892578125
f5_f951697edaf93ddb,5,cora,sage,12352,79.4682388305664,80.35450744628906
f5_f951697edaf93ddb,5,cora,sage,12353,80.35450744628906,82.57015991210938
f5_f951697edaf93ddb,5,cora,sage,12354,78.58197784423828,80.79763793945312
f5_ffb1daa05575a41c,5,cora,sage,12345,81.09305572509766,84.19497680664062
f5_ffb1daa05575a41c,5,cora,sage,12346,82.57015991210938,79.61595153808594
f5_ffb1daa05575a41c,5,cora,sage,12347,78.58197784423828,79.911376953125
f5_ffb1daa05575a41c,5,cora,sage,12348,80.6499252319336,82.86558532714844
f5_ffb1daa05575a41c,5,cora,sage,12349,82.86558532714844,81.53618621826172
f5_ffb1daa05575a41c,5,cora,sage,12350,81.68389892578125,80.94534301757812
f5_ffb1daa05575a41c,5,cora,sage,12351,84.78582000732422,81.68389892578125
f5_ffb1daa05575a41c,5,cora,sage,12352,83.16100311279297,85.96749877929688
f5_ffb1daa05575a41c,5,cora,sage,12353,82.27474212646484,83.75184631347656
f5_ffb1daa05575a41c,5,cora,sage,12354,82.42245483398438,83.4564208984375
f5_dce3426c1360b5f4,5,cora,sage,12345,82.57015991210938,84.0472640991211
f5_dce3426c1360b5f4,5,cora,sage,12346,84.49039459228516,83.16100311279297
f5_dce3426c1360b5f4,5,cora,sage,12347,84.0472640991211,84.93353271484375
f5_dce3426c1360b5f4,5,cora,sage,12348,84.34268951416016,84.0472640991211
f5_dce3426c1360b5f4,5,cora,sage,12349,83.8995590209961,83.60413360595703
f5_dce3426c1360b5f4,5,cora,sage,12350,82.42245483398438,82.27474212646484
f5_dce3426c1360b5f4,5,cora,sage,12351,85.37666320800781,83.3087158203125
f5_dce3426c1360b5f4,5,cora,sage,12352,83.8995590209961,86.26292419433594
f5_dce3426c1360b5f4,5,cora,sage,12353,82.86558532714844,84.78582000732422
f5_dce3426c1360b5f4,5,cora,sage,12354,84.49039459228516,86.26292419433594
f5_9527fb431175a6e2,5,cora,sage,12345,82.86558532714844,85.37666320800781
f5_9527fb431175a6e2,5,cora,sage,12346,84.0472640991211,81.09305572509766
f5_9527fb431175a6e2,5,cora,sage,12347,83.3087158203125,83.01329040527344
f5_9527fb431175a6e2,5,cora,sage,12348,80.50221252441406,82.7178726196289
f5_9527fb431175a6e2,5,cora,sage,12349,84.63810729980469,83.60413360595703
f5_9527fb431175a6e2,5,cora,sage,12350,81.83161163330078,83.01329040527344
f5_9527fb431175a6e2,5,cora,sage,12351,84.93353271484375,85.52436828613281
f5_9527fb431175a6e2,5,cora,sage,12352,83.16100311279297,85.08123779296875
f5_9527fb431175a6e2,5,cora,sage,12353,81.68389892578125,82.27474212646484
f5_9527fb431175a6e2,5,cora,sage,12354,79.76366424560547,84.19497680664062
f5_53654420e2268b15,5,cora,sage,12345,82.86558532714844,84.93353271484375
f5_53654420e2268b15,5,cora,sage,12346,86.7060546875,85.52436828613281
f5_53654420e2268b15,5,cora,sage,12347,85.81979370117188,85.52436828613281
f5_53654420e2268b15,5,cora,sage,12348,85.96749877929688,85.67208099365234
f5_53654420e2268b15,5,cora,sage,12349,84.93353271484375,83.16100311279297
f5_53654420e2268b15,5,cora,sage,12350,82.42245483398438,82.7178726196289
f5_53654420e2268b15,5,cora,sage,12351,84.78582000732422,85.08123779296875
f5_53654420e2268b15,5,cora,sage,12352,84.49039459228516,85.67208099365234
f5_53654420e2268b15,5,cora,sage,12353,85.08123779296875,84.93353271484375
f5_53654420e2268b15,5,cora,sage,12354,84.78582000732422,87.74002838134766
f5_48a7c1a6529acf8d,5,cora,sage,12345,82.42245483398438,85.81979370117188
f5_48a7c1a6529acf8d,5,cora,sage,12346,86.26292419433594,85.08123779296875
f5_48a7c1a6529acf8d,5,cora,sage,12347,86.41063690185547,84.78582000732422
f5_48a7c1a6529acf8d,5,cora,sage,12348,85.67208099365234,86.1152114868164
f5_48a7c1a6529acf8d,5,cora,sage,12349,84.78582000732422,84.63810729980469
f5_48a7c1a6529acf8d,5,cora,sage,12350,83.75184631347656,84.19497680664062
f5_48a7c1a6529acf8d,5,cora,sage,12351,84.34268951416016,84.78582000732422
f5_48a7c1a6529acf8d,5,cora,sage,12352,85.81979370117188,85.96749877929688
f5_48a7c1a6529acf8d,5,cora,sage,12353,84.78582000732422,83.75184631347656
f5_48a7c1a6529acf8d,5,cora,sage,12354,84.93353271484375,85.37666320800781
f5_9a66750b0cdb54fc,5,cora,sage,12345,77.54800415039062,79.911376953125
f5_9a66750b0cdb54fc,5,cora,sage,12346,76.21861267089844,74.59379577636719
f5_9a66750b0cdb54fc,5,cora,sage,12347,78.72969055175781,79.3205337524414
f5_9a66750b0cdb54fc,5,cora,sage,12348,76.36632537841797,78.28656005859375
f5_9a66750b0cdb54fc,5,cora,sage,12349,80.50221252441406,79.61595153808594
f5_9a66750b0cdb54fc,5,cora,sage,12350,74.44608306884766,70.6056137084961
f5_9a66750b0cdb54fc,5,cora,sage,12351,74.74150848388672,72.52584838867188
f5_9a66750b0cdb54fc,5,cora,sage,12352,79.02510833740234,80.79763793945312
f5_9a66750b0cdb54fc,5,cora,sage,12353,74.88921356201172,77.69571685791016
f5_9a66750b0cdb54fc,5,cora,sage,12354,78.43426513671875,78.13884735107422
f5_b7b5164110b1ddf6,5,cora,sage,12345,76.95716094970703,79.911376953125
f5_b7b5164110b1ddf6,5,cora,sage,12346,76.51403045654297,74.59379577636719
f5_b7b5164110b1ddf6,5,cora,sage,12347,78.72969055175781,78.28656005859375
f5_b7b5164110b1ddf6,5,cora,sage,12348,76.51403045654297,78.28656005859375
f5_b7b5164110b1ddf6,5,cora,sage,12349,80.35450744628906,79.61595153808594
f5_b7b5164110b1ddf6,5,cora,sage,12350,74.59379577636719,70.90103149414062
f5_b7b5164110b1ddf6,5,cora,sage,12351,74.29837799072266,72.37813568115234
f5_b7b5164110b1ddf6,5,cora,sage,12352,79.02510833740234,80.79763793945312
f5_b7b5164110b1ddf6,5,cora,sage,12353,75.03692626953125,77.69571685791016
f5_b7b5164110b1ddf6,5,cora,sage,12354,78.43426513671875,77.99113464355469
f5_bfc563202482a480,5,cora,sage,12345,77.10487365722656,80.79763793945312
f5_bfc563202482a480,5,cora,sage,12346,75.92318725585938,75.48005676269531
f5_bfc563202482a480,5,cora,sage,12347,78.43426513671875,76.51403045654297
f5_bfc563202482a480,5,cora,sage,12348,76.6617431640625,77.84342956542969
f5_bfc563202482a480,5,cora,sage,12349,80.35450744628906,79.76366424560547
f5_bfc563202482a480,5,cora,sage,12350,74.59379577636719,71.49187469482422
f5_bfc563202482a480,5,cora,sage,12351,74.15066528320312,73.264404296875
f5_bfc563202482a480,5,cora,sage,12352,79.17282104492188,80.6499252319336
f5_bfc563202482a480,5,cora,sage,12353,75.77548217773438,77.4002914428711
f5_bfc563202482a480,5,cora,sage,12354,78.28656005859375,77.54800415039062
f5_e501e72ebf0133fc,5,cora,sage,12345,77.2525863647461,79.61595153808594
f5_e501e72ebf0133fc,5,cora,sage,12346,76.36632537841797,74.74150848388672
f5_e501e72ebf0133fc,5,cora,sage,12347,78.87740325927734,79.17282104492188
f5_e501e72ebf0133fc,5,cora,sage,12348,76.51403045654297,78.72969055175781
f5_e501e72ebf0133fc,5,cora,sage,12349,79.4682388305664,80.20679473876953
f5_e501e72ebf0133fc,5,cora,sage,12350,74.88921356201172,71.19645690917969
f5_e501e72ebf0133fc,5,cora,sage,12351,73.70753479003906,74.88921356201172
f5_e501e72ebf0133fc,5,cora,sage,12352,79.3205337524414,79.76366424560547
f5_e501e72ebf0133fc,5,cora,sage,12353,75.48005676269531,77.10487365722656
f5_e501e72ebf0133fc,5,cora,sage,12354,78.13884735107422,79.02510833740234
f5_0ccd43e8376574a2,5,cora,sage,12345,77.2525863647461,78.72969055175781
f5_0ccd43e8376574a2,5,cora,sage,12346,77.4002914428711,74.74150848388672
f5_0ccd43e8376574a2,5,cora,sage,12347,78.87740325927734,78.43426513671875
f5_0ccd43e8376574a2,5,cora,sage,12348,76.80945587158203,78.28656005859375
f5_0ccd43e8376574a2,5,cora,sage,12349,79.4682388305664,79.3205337524414
f5_0ccd43e8376574a2,5,cora,sage,12350,74.74150848388672,71.63958740234375
f5_0ccd43e8376574a2,5,cora,sage,12351,74.44608306884766,74.44608306884766
f5_0ccd43e8376574a2,5,cora,sage,12352,79.3205337524414,79.911376953125
f5_0ccd43e8376574a2,5,cora,sage,12353,75.62776947021484,77.4002914428711
f5_0ccd43e8376574a2,5,cora,sage,12354,78.43426513671875,78.87740325927734
f5_32c0f9397746bd05,5,cora,sage,12345,76.95716094970703,80.05908203125
f5_32c0f9397746bd05,5,cora,sage,12346,77.69571685791016,76.51403045654297
f5_32c0f9397746bd05,5,cora,sage,12347,78.72969055175781,78.58197784423828
f5_32c0f9397746bd05,5,cora,sage,12348,76.51403045654297,77.99113464355469
f5_32c0f9397746bd05,5,cora,sage,12349,80.6499252319336,79.61595153808594
f5_32c0f9397746bd05,5,cora,sage,12350,74.88921356201172,71.34416198730469
f5_32c0f9397746bd05,5,cora,sage,12351,75.03692626953125,76.95716094970703
f5_32c0f9397746bd05,5,cora,sage,12352,79.3205337524414,77.54800415039062
f5_32c0f9397746bd05,5,cora,sage,12353,75.33235168457031,77.84342956542969
f5_32c0f9397746bd05,5,cora,sage,12354,78.28656005859375,77.99113464355469
f5_5a8735cd57871823,5,cora,sage,12345,77.4002914428711,80.35450744628906
f5_5a8735cd57871823,5,cora,sage,12346,77.10487365722656,75.62776947021484
f5_5a8735cd57871823,5,cora,sage,12347,78.43426513671875,79.17282104492188
f5_5a8735cd57871823,5,cora,sage,12348,76.6617431640625,78.72969055175781
f5_5a8735cd57871823,5,cora,sage,12349,80.50221252441406,79.02510833740234
f5_5a8735cd57871823,5,cora,sage,12350,75.18463897705078,70.75332641601562
f5_5a8735cd57871823,5,cora,sage,12351,77.2525863647461,77.2525863647461
f5_5a8735cd57871823,5,cora,sage,12352,79.17282104492188,77.99113464355469
f5_5a8735cd57871823,5,cora,sage,12353,75.48005676269531,77.99113464355469
f5_5a8735cd57871823,5,cora,sage,12354,77.99113464355469,77.84342956542969
f5_d314bd6590a638e3,5,cora,sage,12345,79.61595153808594,82.27474212646484
f5_d314bd6590a638e3,5,cora,sage,12346,76.0708999633789,73.70753479003906
f5_d314bd6590a638e3,5,cora,sage,12347,76.6617431640625,77.10487365722656
f5_d314bd6590a638e3,5,cora,sage,12348,77.99113464355469,79.4682388305664
f5_d314bd6590a638e3,5,cora,sage,12349,81.53618621826172,81.53618621826172
f5_d314bd6590a638e3,5,cora,sage,12350,72.6735610961914,73.55982208251953
f5_d314bd6590a638e3,5,cora,sage,12351,83.60413360595703,81.38848114013672
f5_d314bd6590a638e3,5,cora,sage,12352,79.61595153808594,81.97931671142578
f5_d314bd6590a638e3,5,cora,sage,12353,80.6499252319336,82.27474212646484
f5_d314bd6590a638e3,5,cora,sage,12354,81.24076843261719,81.53618621826172
f5_3374d7fac8fb04a6,5,cora,sage,12345,82.12702941894531,83.4564208984375
f5_3374d7fac8fb04a6,5,cora,sage,12346,83.8995590209961,81.24076843261719
f5_3374d7fac8fb04a6,5,cora,sage,12347,81.97931671142578,83.01329040527344
f5_3374d7fac8fb04a6,5,cora,sage,12348,84.19497680664062,84.63810729980469
f5_3374d7fac8fb04a6,5,cora,sage,12349,82.7178726196289,82.42245483398438
f5_3374d7fac8fb04a6,5,cora,sage,12350,80.35450744628906,79.61595153808594
f5_3374d7fac8fb04a6,5,cora,sage,12351,85.08123779296875,82.86558532714844
f5_3374d7fac8fb04a6,5,cora,sage,12352,83.60413360595703,86.55834197998047
f5_3374d7fac8fb04a6,5,cora,sage,12353,82.12702941894531,83.4564208984375
f5_3374d7fac8fb04a6,5,cora,sage,12354,83.3087158203125,85.22895050048828
f5_ce1b0134dd83803e,5,cora,sage,12345,82.42245483398438,84.19497680664062
f5_ce1b0134dd83803e,5,cora,sage,12346,83.75184631347656,83.16100311279297
f5_ce1b0134dd83803e,5,cora,sage,12347,82.86558532714844,83.8995590209961
f5_ce1b0134dd83803e,5,cora,sage,12348,83.60413360595703,83.01329040527344
f5_ce1b0134dd83803e,5,cora,sage,12349,83.01329040527344,83.60413360595703
f5_ce1b0134dd83803e,5,cora,sage,12350,81.97931671142578,83.01329040527344
f5_ce1b0134dd83803e,5,cora,sage,12351,84.34268951416016,82.12702941894531
f5_ce1b0134dd83803e,5,cora,sage,12352,83.16100311279297,86.7060546875
f5_ce1b0134dd83803e,5,cora,sage,12353,81.97931671142578,83.4564208984375
f5_ce1b0134dd83803e,5,cora,sage,12354,85.37666320800781,84.49039459228516
f5_93b03560b3659eb3,5,cora,sage,12345,83.01329040527344,86.55834197998047
f5_93b03560b3659eb3,5,cora,sage,12346,85.52436828613281,82.57015991210938
f5_93b03560b3659eb3,5,cora,sage,12347,85.52436828613281,85.52436828613281
f5_93b03560b3659eb3,5,cora,sage,12348,83.8995590209961,84.34268951416016
f5_93b03560b3659eb3,5,cora,sage,12349,83.75184631347656,81.53618621826172
f5_93b03560b3659eb3,5,cora,sage,12350,81.83161163330078,80.05908203125
f5_93b03560b3659eb3,5,cora,sage,12351,84.34268951416016,84.93353271484375
f5_93b03560b3659eb3,5,cora,sage,12352,85.52436828613281,85.52436828613281
f5_93b03560b3659eb3,5,cora,sage,12353,85.37666320800781,84.63810729980469
f5_93b03560b3659eb3,5,cora,sage,12354,83.4564208984375,85.22895050048828
f5_7345771e6e44e80a,5,cora,sage,12345,83.4564208984375,85.37666320800781
f5_7345771e6e44e80a,5,cora,sage,12346,86.7060546875,85.67208099365234
f5_7345771e6e44e80a,5,cora,sage,12347,86.26292419433594,86.26292419433594
f5_7345771e6e44e80a,5,cora,sage,12348,86.41063690185547,85.08123779296875
f5_7345771e6e44e80a,5,cora,sage,12349,85.08123779296875,82.7178726196289
f5_7345771e6e44e80a,5,cora,sage,12350,83.01329040527344,82.57015991210938
f5_7345771e6e44e80a,5,cora,sage,12351,84.34268951416016,84.93353271484375
f5_7345771e6e44e80a,5,cora,sage,12352,84.78582000732422,85.67208099365234
f5_7345771e6e44e80a,5,cora,sage,12353,84.78582000732422,85.52436828613281
f5_7345771e6e44e80a,5,cora,sage,12354,84.93353271484375,86.1152114868164
f5_339b1d156a1ca0b5,5,cora,sage,12345,83.01329040527344,85.08123779296875
f5_339b1d156a1ca0b5,5,cora,sage,12346,86.41063690185547,85.22895050048828
f5_339b1d156a1ca0b5,5,cora,sage,12347,85.96749877929688,86.1152114868164
f5_339b1d156a1ca0b5,5,cora,sage,12348,86.1152114868164,85.37666320800781
f5_339b1d156a1ca0b5,5,cora,sage,12349,85.37666320800781,83.3087158203125
f5_339b1d156a1ca0b5,5,cora,sage,12350,80.79763793945312,79.911376953125
f5_339b1d156a1ca0b5,5,cora,sage,12351,85.67208099365234,84.63810729980469
f5_339b1d156a1ca0b5,5,cora,sage,12352,84.93353271484375,86.55834197998047
f5_339b1d156a1ca0b5,5,cora,sage,12353,84.93353271484375,86.41063690185547
f5_339b1d156a1ca0b5,5,cora,sage,12354,83.8995590209961,85.67208099365234
f5_3ec641e471326965,5,cora,sage,12345,83.01329040527344,85.67208099365234
f5_3ec641e471326965,5,cora,sage,12346,87.00147247314453,85.08123779296875
f5_3ec641e471326965,5,cora,sage,12347,86.1152114868164,86.26292419433594
f5_3ec641e471326965,5,cora,sage,12348,85.96749877929688,85.67208099365234
f5_3ec641e471326965,5,cora,sage,12349,85.67208099365234,82.12702941894531
f5_3ec641e471326965,5,cora,sage,12350,81.09305572509766,80.50221252441406
f5_3ec641e471326965,5,cora,sage,12351,85.08123779296875,84.49039459228516
f5_3ec641e471326965,5,cora,sage,12352,85.08123779296875,84.93353271484375
f5_3ec641e471326965,5,cora,sage,12353,84.93353271484375,85.52436828613281
f5_3ec641e471326965,5,cora,sage,12354,85.08123779296875,87.00147247314453
f5_e8f6a8359c9a5df3,5,cora,sage,12345,83.3087158203125,85.67208099365234
f5_e8f6a8359c9a5df3,5,cora,sage,12346,86.55834197998047,84.49039459228516
f5_e8f6a8359c9a5df3,5,cora,sage,12347,85.52436828613281,84.78582000732422
f5_e8f6a8359c9a5df3,5,cora,sage,12348,86.41063690185547,86.41063690185547
f5_e8f6a8359c9a5df3,5,cora,sage,12349,85.52436828613281,83.16100311279297
f5_e8f6a8359c9a5df3,5,cora,sage,12350,82.12702941894531,83.60413360595703
f5_e8f6a8359c9a5df3,5,cora,sage,12351,84.93353271484375,85.81979370117188
f5_e8f6a8359c9a5df3,5,cora,sage,12352,85.08123779296875,86.1152114868164
f5_e8f6a8359c9a5df3,5,cora,sage,12353,84.49039459228516,84.93353271484375
f5_e8f6a8359c9a5df3,5,cora,sage,12354,84.19497680664062,86.7060546875
f5_0a02cf42bb4abb1d,5,cora,sage,12345,82.7178726196289,84.93353271484375
f5_0a02cf42bb4abb1d,5,cora,sage,12346,87.44461059570312,84.93353271484375
f5_0a02cf42bb4abb1d,5,cora,sage,12347,85.67208099365234,86.26292419433594
f5_0a02cf42bb4abb1d,5,cora,sage,12348,86.85376739501953,85.22895050048828
f5_0a02cf42bb4abb1d,5,cora,sage,12349,85.22895050048828,83.3087158203125
f5_0a02cf42bb4abb1d,5,cora,sage,12350,82.57015991210938,83.16100311279297
f5_0a02cf42bb4abb1d,5,cora,sage,12351,85.22895050048828,84.93353271484375
f5_0a02cf42bb4abb1d,5,cora,sage,12352,85.52436828613281,86.1152114868164
f5_0a02cf42bb4abb1d,5,cora,sage,12353,84.34268951416016,85.81979370117188
f5_0a02cf42bb4abb1d,5,cora,sage,12354,84.63810729980469,86.55834197998047
f5_05715f2d2f3f6837,5,cora,sage,12345,77.2525863647461,79.911376953125
f5_05715f2d2f3f6837,5,cora,sage,12346,76.36632537841797,75.48005676269531
f5_05715f2d2f3f6837,5,cora,sage,12347,79.02510833740234,77.84342956542969
f5_05715f2d2f3f6837,5,cora,sage,12348,76.0708999633789,78.13884735107422
f5_05715f2d2f3f6837,5,cora,sage,12349,79.76366424560547,79.3205337524414
f5_05715f2d2f3f6837,5,cora,sage,12350,74.29837799072266,70.45790100097656
f5_05715f2d2f3f6837,5,cora,sage,12351,74.15066528320312,75.03692626953125
f5_05715f2d2f3f6837,5,cora,sage,12352,79.3205337524414,80.35450744628906
f5_05715f2d2f3f6837,5,cora,sage,12353,76.51403045654297,75.92318725585938
f5_05715f2d2f3f6837,5,cora,sage,12354,78.58197784423828,77.54800415039062
f5_bc39eb2c8b1f32fd,5,cora,sage,12345,77.69571685791016,79.76366424560547
f5_bc39eb2c8b1f32fd,5,cora,sage,12346,76.80945587158203,74.0029525756836
f5_bc39eb2c8b1f32fd,5,cora,sage,12347,79.911376953125,77.2525863647461
f5_bc39eb2c8b1f32fd,5,cora,sage,12348,75.77548217773438,76.80945587158203
f5_bc39eb2c8b1f32fd,5,cora,sage,12349,79.911376953125,78.87740325927734
f5_bc39eb2c8b1f32fd,5,cora,sage,12350,74.44608306884766,69.57164001464844
f5_bc39eb2c8b1f32fd,5,cora,sage,12351,75.03692626953125,76.36632537841797
f5_bc39eb2c8b1f32fd,5,cora,sage,12352,79.4682388305664,76.36632537841797
f5_bc39eb2c8b1f32fd,5,cora,sage,12353,75.48005676269531,76.0708999633789
f5_bc39eb2c8b1f32fd,5,cora,sage,12354,78.28656005859375,78.13884735107422
f5_fead86d1c3bb5794,5,cora,sage,12345,77.69571685791016,80.79763793945312
f5_fead86d1c3bb5794,5,cora,sage,12346,77.10487365722656,76.6617431640625
f5_fead86d1c3bb5794,5,cora,sage,12347,80.50221252441406,78.13884735107422
f5_fead86d1c3bb5794,5,cora,sage,12348,75.18463897705078,76.36632537841797
f5_fead86d1c3bb5794,5,cora,sage,12349,79.911376953125,79.02510833740234
f5_fead86d1c3bb5794,5,cora,sage,12350,75.03692626953125,71.34416198730469
f5_fead86d1c3bb5794,5,cora,sage,12351,76.21861267089844,76.0708999633789
f5_fead86d1c3bb5794,5,cora,sage,12352,79.4682388305664,80.79763793945312
f5_fead86d1c3bb5794,5,cora,sage,12353,76.36632537841797,77.2525863647461
f5_fead86d1c3bb5794,5,cora,sage,12354,78.28656005859375,77.54800415039062
f5_e688bd0ae9b8f6fc,5,cora,sage,12345,78.13884735107422,79.17282104492188
f5_e688bd0ae9b8f6fc,5,cora,sage,12346,74.0029525756836,74.44608306884766
f5_e688bd0ae9b8f6fc,5,cora,sage,12347,72.96897888183594,74.0029525756836
f5_e688bd0ae9b8f6fc,5,cora,sage,12348,73.8552474975586,75.18463897705078
f5_e688bd0ae9b8f6fc,5,cora,sage,12349,77.99113464355469,79.3205337524414
f5_e688bd0ae9b8f6fc,5,cora,sage,12350,71.49187469482422,70.75332641601562
f5_e688bd0ae9b8f6fc,5,cora,sage,12351,80.05908203125,78.28656005859375
f5_e688bd0ae9b8f6fc,5,cora,sage,12352,78.58197784423828,80.50221252441406
f5_e688bd0ae9b8f6fc,5,cora,sage,12353,79.3205337524414,78.28656005859375
f5_e688bd0ae9b8f6fc,5,cora,sage,12354,78.87740325927734,81.97931671142578
f5_50841de2b9019571,5,cora,sage,12345,80.35450744628906,84.0472640991211
f5_50841de2b9019571,5,cora,sage,12346,80.50221252441406,79.61595153808594
f5_50841de2b9019571,5,cora,sage,12347,77.69571685791016,81.24076843261719
f5_50841de2b9019571,5,cora,sage,12348,80.05908203125,81.68389892578125
f5_50841de2b9019571,5,cora,sage,12349,81.38848114013672,81.38848114013672
f5_50841de2b9019571,5,cora,sage,12350,81.09305572509766,80.50221252441406
f5_50841de2b9019571,5,cora,sage,12351,84.49039459228516,80.94534301757812
f5_50841de2b9019571,5,cora,sage,12352,83.16100311279297,85.52436828613281
f5_50841de2b9019571,5,cora,sage,12353,82.42245483398438,83.01329040527344
f5_50841de2b9019571,5,cora,sage,12354,83.16100311279297,84.34268951416016
f5_54c08c16c5816977,5,cora,sage,12345,82.12702941894531,83.8995590209961
f5_54c08c16c5816977,5,cora,sage,12346,84.0472640991211,82.7178726196289
f5_54c08c16c5816977,5,cora,sage,12347,83.01329040527344,85.22895050048828
f5_54c08c16c5816977,5,cora,sage,12348,82.7178726196289,83.3087158203125
f5_54c08c16c5816977,5,cora,sage,12349,83.16100311279297,82.42245483398438
f5_54c08c16c5816977,5,cora,sage,12350,81.83161163330078,81.38848114013672
f5_54c08c16c5816977,5,cora,sage,12351,85.37666320800781,83.4564208984375
f5_54c08c16c5816977,5,cora,sage,12352,83.60413360595703,85.37666320800781
f5_54c08c16c5816977,5,cora,sage,12353,83.01329040527344,84.78582000732422
f5_54c08c16c5816977,5,cora,sage,12354,84.63810729980469,84.63810729980469
f5_e7b060ebc2ca1821,5,cora,sage,12345,82.57015991210938,84.63810729980469
f5_e7b060ebc2ca1821,5,cora,sage,12346,84.78582000732422,83.16100311279297
f5_e7b060ebc2ca1821,5,cora,sage,12347,84.19497680664062,84.63810729980469
f5_e7b060ebc2ca1821,5,cora,sage,12348,83.60413360595703,83.4564208984375
f5_e7b060ebc2ca1821,5,cora,sage,12349,83.75184631347656,83.75184631347656
f5_e7b060ebc2ca1821,5,cora,sage,12350,82.27474212646484,81.83161163330078
f5_e7b060ebc2ca1821,5,cora,sage,12351,84.49039459228516,83.60413360595703
f5_e7b060ebc2ca1821,5,cora,sage,12352,83.60413360595703,87.14918518066406
f5_e7b060ebc2ca1821,5,cora,sage,12353,83.4564208984375,84.78582000732422
f5_e7b060ebc2ca1821,5,cora,sage,12354,84.49039459228516,85.67208099365234
f5_d428e96a23e2c8f0,5,cora,sage,12345,82.86558532714844,84.63810729980469
f5_d428e96a23e2c8f0,5,cora,sage,12346,86.1152114868164,84.93353271484375
f5_d428e96a23e2c8f0,5,cora,sage,12347,85.96749877929688,84.78582000732422
f5_d428e96a23e2c8f0,5,cora,sage,12348,84.93353271484375,84.49039459228516
f5_d428e96a23e2c8f0,5,cora,sage,12349,85.37666320800781,83.01329040527344
f5_d428e96a23e2c8f0,5,cora,sage,12350,83.01329040527344,83.01329040527344
f5_d428e96a23e2c8f0,5,cora,sage,12351,83.60413360595703,84.78582000732422
f5_d428e96a23e2c8f0,5,cora,sage,12352,84.93353271484375,85.96749877929688
f5_d428e96a23e2c8f0,5,cora,sage,12353,84.78582000732422,84.49039459228516
f5_d428e96a23e2c8f0,5,cora,sage,12354,84.93353271484375,86.1152114868164
f5_c013194202972c17,5,cora,sage,12345,83.01329040527344,87.14918518066406
f5_c013194202972c17,5,cora,sage,12346,86.7060546875,84.0472640991211
f5_c013194202972c17,5,cora,sage,12347,86.26292419433594,83.8995590209961
f5_c013194202972c17,5,cora,sage,12348,85.81979370117188,85.37666320800781
f5_c013194202972c17,5,cora,sage,12349,85.08123779296875,82.86558532714844
f5_c013194202972c17,5,cora,sage,12350,83.3087158203125,82.42245483398438
f5_c013194202972c17,5,cora,sage,12351,84.78582000732422,84.78582000732422
f5_c013194202972c17,5,cora,sage,12352,85.22895050048828,85.81979370117188
f5_c013194202972c17,5,cora,sage,12353,84.0472640991211,85.67208099365234
f5_c013194202972c17,5,cora,sage,12354,84.93353271484375,86.41063690185547
f5_cbbd2136d85c0c07,5,cora,sage,12345,83.16100311279297,85.52436828613281
f5_cbbd2136d85c0c07,5,cora,sage,12346,86.7060546875,85.08123779296875
f5_cbbd2136d85c0c07,5,cora,sage,12347,86.1152114868164,85.37666320800781
f5_cbbd2136d85c0c07,5,cora,sage,12348,86.1152114868164,85.22895050048828
f5_cbbd2136d85c0c07,5,cora,sage,12349,85.08123779296875,83.60413360595703
f5_cbbd2136d85c0c07,5,cora,sage,12350,80.20679473876953,80.05908203125
f5_cbbd2136d85c0c07,5,cora,sage,12351,85.08123779296875,85.08123779296875
f5_cbbd2136d85c0c07,5,cora,sage,12352,85.67208099365234,87.14918518066406
f5_cbbd2136d85c0c07,5,cora,sage,12353,84.93353271484375,86.41063690185547
f5_cbbd2136d85c0c07,5,cora,sage,12354,84.93353271484375,86.26292419433594
f5_eebfb20de136210c,5,cora,sage,12345,82.57015991210938,84.78582000732422
f5_eebfb20de136210c,5,cora,sage,12346,87.00147247314453,84.78582000732422
f5_eebfb20de136210c,5,cora,sage,12347,85.96749877929688,85.52436828613281
f5_eebfb20de136210c,5,cora,sage,12348,85.81979370117188,85.67208099365234
f5_eebfb20de136210c,5,cora,sage,12349,84.49039459228516,83.60413360595703
f5_eebfb20de136210c,5,cora,sage,12350,81.97931671142578,82.27474212646484
f5_eebfb20de136210c,5,cora,sage,12351,84.93353271484375,84.78582000732422
f5_eebfb20de136210c,5,cora,sage,12352,85.08123779296875,85.37666320800781
f5_eebfb20de136210c,5,cora,sage,12353,84.49039459228516,84.34268951416016
f5_eebfb20de136210c,5,cora,sage,12354,81.24076843261719,83.16100311279297
f5_d9d5bec8bb1f40b5,5,cora,sage,12345,83.16100311279297,84.63810729980469
f5_d9d5bec8bb1f40b5,5,cora,sage,12346,86.7060546875,84.93353271484375
f5_d9d5bec8bb1f40b5,5,cora,sage,12347,85.96749877929688,85.52436828613281
f5_d9d5bec8bb1f40b5,5,cora,sage,12348,86.7060546875,86.41063690185547
f5_d9d5bec8bb1f40b5,5,cora,sage,12349,84.78582000732422,83.01329040527344
f5_d9d5bec8bb1f40b5,5,cora,sage,12350,81.68389892578125,83.01329040527344
f5_d9d5bec8bb1f40b5,5,cora,sage,12351,84.78582000732422,85.52436828613281
f5_d9d5bec8bb1f40b5,5,cora,sage,12352,85.52436828613281,85.81979370117188
f5_d9d5bec8bb1f40b5,5,cora,sage,12353,84.49039459228516,85.22895050048828
f5_d9d5bec8bb1f40b5,5,cora,sage,12354,84.34268951416016,87.2968978881836
f5_e6db845544e5774a,5,cora,sage,12345,82.7178726196289,84.49039459228516
f5_e6db845544e5774a,5,cora,sage,12346,86.7060546875,84.0472640991211
f5_e6db845544e5774a,5,cora,sage,12347,86.1152114868164,86.1152114868164
f5_e6db845544e5774a,5,cora,sage,12348,86.41063690185547,84.93353271484375
f5_e6db845544e5774a,5,cora,sage,12349,85.08123779296875,82.86558532714844
f5_e6db845544e5774a,5,cora,sage,12350,83.4564208984375,83.16100311279297
f5_e6db845544e5774a,5,cora,sage,12351,84.93353271484375,85.08123779296875
f5_e6db845544e5774a,5,cora,sage,12352,85.52436828613281,86.85376739501953
f5_e6db845544e5774a,5,cora,sage,12353,84.34268951416016,85.81979370117188
f5_e6db845544e5774a,5,cora,sage,12354,84.63810729980469,86.1152114868164
f5_25d12c7d7c49e662,5,cora,sage,12345,83.01329040527344,84.34268951416016
f5_25d12c7d7c49e662,5,cora,sage,12346,87.2968978881836,84.78582000732422
f5_25d12c7d7c49e662,5,cora,sage,12347,85.96749877929688,86.55834197998047
f5_25d12c7d7c49e662,5,cora,sage,12348,86.7060546875,85.96749877929688
f5_25d12c7d7c49e662,5,cora,sage,12349,84.78582000732422,83.3087158203125
f5_25d12c7d7c49e662,5,cora,sage,12350,83.8995590209961,84.63810729980469
f5_25d12c7d7c49e662,5,cora,sage,12351,84.93353271484375,84.19497680664062
f5_25d12c7d7c49e662,5,cora,sage,12352,85.67208099365234,85.81979370117188
f5_25d12c7d7c49e662,5,cora,sage,12353,84.34268951416016,85.81979370117188
f5_25d12c7d7c49e662,5,cora,sage,12354,84.78582000732422,86.7060546875
f5_736931a7ccfe9155,5,cora,sage,12345,83.01329040527344,85.22895050048828
f5_736931a7ccfe9155,5,cora,sage,12346,87.00147247314453,85.37666320800781
f5_736931a7ccfe9155,5,cora,sage,12347,86.26292419433594,87.44461059570312
f5_736931a7ccfe9155,5,cora,sage,12348,85.81979370117188,85.67208099365234
f5_736931a7ccfe9155,5,cora,sage,12349,84.93353271484375,83.16100311279297
f5_736931a7ccfe9155,5,cora,sage,12350,84.0472640991211,84.93353271484375
f5_736931a7ccfe9155,5,cora,sage,12351,84.63810729980469,84.93353271484375
f5_736931a7ccfe9155,5,cora,sage,12352,85.67208099365234,85.22895050048828
f5_736931a7ccfe9155,5,cora,sage,12353,84.93353271484375,85.37666320800781
f5_736931a7ccfe9155,5,cora,sage,12354,84.63810729980469,86.85376739501953
f5_243329a4e44ceed3,5,cora,sage,12345,82.86558532714844,84.93353271484375
f5_243329a4e44ceed3,5,cora,sage,12346,87.14918518066406,84.93353271484375
f5_243329a4e44ceed3,5,cora,sage,12347,85.67208099365234,86.55834197998047
f5_243329a4e44ceed3,5,cora,sage,12348,85.67208099365234,86.7060546875
f5_243329a4e44ceed3,5,cora,sage,12349,84.93353271484375,83.60413360595703
f5_243329a4e44ceed3,5,cora,sage,12350,83.75184631347656,83.8995590209961
f5_243329a4e44ceed3,5,cora,sage,12351,84.63810729980469,85.08123779296875
f5_243329a4e44ceed3,5,cora,sage,12352,85.52436828613281,86.26292419433594
f5_243329a4e44ceed3,5,cora,sage,12353,84.49039459228516,85.81979370117188
f5_243329a4e44ceed3,5,cora,sage,12354,84.93353271484375,86.41063690185547
f5_120fb4aee2b4c4d9,5,cora,sage,12345,78.13884735107422,80.79763793945312
f5_120fb4aee2b4c4d9,5,cora,sage,12346,76.6617431640625,74.74150848388672
f5_120fb4aee2b4c4d9,5,cora,sage,12347,80.20679473876953,78.72969055175781
f5_120fb4aee2b4c4d9,5,cora,sage,12348,73.70753479003906,76.6617431640625
f5_120fb4aee2b4c4d9,5,cora,sage,12349,80.94534301757812,79.61595153808594
f5_120fb4aee2b4c4d9,5,cora,sage,12350,76.0708999633789,72.08271789550781
f5_120fb4aee2b4c4d9,5,cora,sage,12351,76.95716094970703,76.36632537841797
f5_120fb4aee2b4c4d9,5,cora,sage,12352,79.17282104492188,77.2525863647461
f5_120fb4aee2b4c4d9,5,cora,sage,12353,75.62776947021484,77.10487365722656
f5_120fb4aee2b4c4d9,5,cora,sage,12354,77.99113464355469,80.6499252319336
f5_166954ab3b465439,5,cora,sage,12345,80.20679473876953,83.60413360595703
f5_166954ab3b465439,5,cora,sage,12346,85.67208099365234,84.34268951416016
f5_166954ab3b465439,5,cora,sage,12347,79.4682388305664,80.05908203125
f5_166954ab3b465439,5,cora,sage,12348,80.35450744628906,81.97931671142578
f5_166954ab3b465439,5,cora,sage,12349,83.3087158203125,82.42245483398438
f5_166954ab3b465439,5,cora,sage,12350,80.94534301757812,80.20679473876953
f5_166954ab3b465439,5,cora,sage,12351,84.49039459228516,82.12702941894531
f5_166954ab3b465439,5,cora,sage,12352,82.27474212646484,85.67208099365234
f5_166954ab3b465439,5,cora,sage,12353,81.68389892578125,83.4564208984375
f5_166954ab3b465439,5,cora,sage,12354,82.12702941894531,84.19497680664062
f5_29577aaf38de5d3f,5,cora,sage,12345,82.27474212646484,84.93353271484375
f5_29577aaf38de5d3f,5,cora,sage,12346,83.4564208984375,83.8995590209961
f5_29577aaf38de5d3f,5,cora,sage,12347,83.75184631347656,84.19497680664062
f5_29577aaf38de5d3f,5,cora,sage,12348,83.01329040527344,83.16100311279297
f5_29577aaf38de5d3f,5,cora,sage,12349,84.63810729980469,83.8995590209961
f5_29577aaf38de5d3f,5,cora,sage,12350,83.75184631347656,83.60413360595703
f5_29577aaf38de5d3f,5,cora,sage,12351,85.08123779296875,83.8995590209961
f5_29577aaf38de5d3f,5,cora,sage,12352,83.8995590209961,86.85376739501953
f5_29577aaf38de5d3f,5,cora,sage,12353,82.86558532714844,85.37666320800781
f5_29577aaf38de5d3f,5,cora,sage,12354,84.78582000732422,85.37666320800781
f5_6a3e957b8dba31fb,5,cora,sage,12345,82.27474212646484,85.37666320800781
f5_6a3e957b8dba31fb,5,cora,sage,12346,85.08123779296875,83.3087158203125
f5_6a3e957b8dba31fb,5,cora,sage,12347,84.34268951416016,83.3087158203125
f5_6a3e957b8dba31fb,5,cora,sage,12348,82.57015991210938,82.12702941894531
f5_6a3e957b8dba31fb,5,cora,sage,12349,84.19497680664062,83.75184631347656
f5_6a3e957b8dba31fb,5,cora,sage,12350,81.38848114013672,81.83161163330078
f5_6a3e957b8dba31fb,5,cora,sage,12351,85.96749877929688,85.22895050048828
f5_6a3e957b8dba31fb,5,cora,sage,12352,83.01329040527344,85.37666320800781
f5_6a3e957b8dba31fb,5,cora,sage,12353,80.35450744628906,82.86558532714844
f5_6a3e957b8dba31fb,5,cora,sage,12354,80.20679473876953,84.34268951416016
f5_b1abe5d5251d02fd,5,cora,sage,12345,82.86558532714844,85.52436828613281
f5_b1abe5d5251d02fd,5,cora,sage,12346,86.7060546875,84.49039459228516
f5_b1abe5d5251d02fd,5,cora,sage,12347,84.93353271484375,84.34268951416016
f5_b1abe5d5251d02fd,5,cora,sage,12348,86.55834197998047,84.93353271484375
f5_b1abe5d5251d02fd,5,cora,sage,12349,85.67208099365234,83.3087158203125
f5_b1abe5d5251d02fd,5,cora,sage,12350,82.57015991210938,82.42245483398438
f5_b1abe5d5251d02fd,5,cora,sage,12351,84.93353271484375,85.08123779296875
f5_b1abe5d5251d02fd,5,cora,sage,12352,85.67208099365234,86.26292419433594
f5_b1abe5d5251d02fd,5,cora,sage,12353,84.49039459228516,85.08123779296875
f5_b1abe5d5251d02fd,5,cora,sage,12354,84.78582000732422,86.55834197998047
f5_755b10f418b0339a,5,cora,sage,12345,83.16100311279297,85.67208099365234
f5_755b10f418b0339a,5,cora,sage,12346,86.26292419433594,85.08123779296875
f5_755b10f418b0339a,5,cora,sage,12347,85.81979370117188,85.37666320800781
f5_755b10f418b0339a,5,cora,sage,12348,86.55834197998047,84.49039459228516
f5_755b10f418b0339a,5,cora,sage,12349,85.81979370117188,84.0472640991211
f5_755b10f418b0339a,5,cora,sage,12350,83.3087158203125,82.7178726196289
f5_755b10f418b0339a,5,cora,sage,12351,84.34268951416016,85.08123779296875
f5_755b10f418b0339a,5,cora,sage,12352,85.52436828613281,85.81979370117188
f5_755b10f418b0339a,5,cora,sage,12353,84.49039459228516,85.67208099365234
f5_755b10f418b0339a,5,cora,sage,12354,83.60413360595703,85.52436828613281
f5_9967ec95158dc233,5,cora,sage,12345,82.86558532714844,85.96749877929688
f5_9967ec95158dc233,5,cora,sage,12346,87.00147247314453,85.08123779296875
f5_9967ec95158dc233,5,cora,sage,12347,85.81979370117188,85.52436828613281
f5_9967ec95158dc233,5,cora,sage,12348,86.55834197998047,85.52436828613281
f5_9967ec95158dc233,5,cora,sage,12349,86.26292419433594,83.01329040527344
f5_9967ec95158dc233,5,cora,sage,12350,79.911376953125,79.61595153808594
f5_9967ec95158dc233,5,cora,sage,12351,85.08123779296875,84.63810729980469
f5_9967ec95158dc233,5,cora,sage,12352,85.81979370117188,86.85376739501953
f5_9967ec95158dc233,5,cora,sage,12353,84.63810729980469,84.49039459228516
f5_9967ec95158dc233,5,cora,sage,12354,84.78582000732422,86.1152114868164
f5_3964ba2d1566b5e4,5,cora,sage,12345,83.4564208984375,85.52436828613281
f5_3964ba2d1566b5e4,5,cora,sage,12346,85.81979370117188,84.19497680664062
f5_3964ba2d1566b5e4,5,cora,sage,12347,85.96749877929688,86.7060546875
f5_3964ba2d1566b5e4,5,cora,sage,12348,86.7060546875,85.67208099365234
f5_3964ba2d1566b5e4,5,cora,sage,12349,85.22895050048828,82.57015991210938
f5_3964ba2d1566b5e4,5,cora,sage,12350,82.57015991210938,84.0472640991211
f5_3964ba2d1566b5e4,5,cora,sage,12351,85.52436828613281,85.67208099365234
f5_3964ba2d1566b5e4,5,cora,sage,12352,85.37666320800781,85.52436828613281
f5_3964ba2d1566b5e4,5,cora,sage,12353,84.34268951416016,85.08123779296875
f5_3964ba2d1566b5e4,5,cora,sage,12354,84.0472640991211,85.96749877929688
f5_51e948e036779822,5,cora,sage,12345,83.01329040527344,85.22895050048828
f5_51e948e036779822,5,cora,sage,12346,86.7060546875,84.34268951416016
f5_51e948e036779822,5,cora,sage,12347,85.67208099365234,86.85376739501953
f5_51e948e036779822,5,cora,sage,12348,86.85376739501953,85.52436828613281
f5_51e948e036779822,5,cora,sage,12349,85.08123779296875,84.19497680664062
f5_51e948e036779822,5,cora,sage,12350,84.63810729980469,83.8995590209961
f5_51e948e036779822,5,cora,sage,12351,85.37666320800781,85.08123779296875
f5_51e948e036779822,5,cora,sage,12352,85.67208099365234,86.41063690185547
f5_51e948e036779822,5,cora,sage,12353,83.75184631347656,85.08123779296875
f5_51e948e036779822,5,cora,sage,12354,83.75184631347656,86.41063690185547
f5_efaefcfbc5829fbf,5,cora,sage,12345,83.16100311279297,84.93353271484375
f5_efaefcfbc5829fbf,5,cora,sage,12346,87.59231567382812,85.37666320800781
f5_efaefcfbc5829fbf,5,cora,sage,12347,85.96749877929688,87.00147247314453
f5_efaefcfbc5829fbf,5,cora,sage,12348,86.55834197998047,86.26292419433594
f5_efaefcfbc5829fbf,5,cora,sage,12349,85.52436828613281,84.63810729980469
f5_efaefcfbc5829fbf,5,cora,sage,12350,83.60413360595703,84.0472640991211
f5_efaefcfbc5829fbf,5,cora,sage,12351,85.08123779296875,84.49039459228516
f5_efaefcfbc5829fbf,5,cora,sage,12352,85.37666320800781,86.85376739501953
f5_efaefcfbc5829fbf,5,cora,sage,12353,84.34268951416016,85.81979370117188
f5_efaefcfbc5829fbf,5,cora,sage,12354,85.08123779296875,86.85376739501953
f5_8d1b9d9ad1c5be49,5,cora,sage,12345,82.86558532714844,85.22895050048828
f5_8d1b9d9ad1c5be49,5,cora,sage,12346,87.74002838134766,85.37666320800781
f5_8d1b9d9ad1c5be49,5,cora,sage,12347,86.26292419433594,86.85376739501953
f5_8d1b9d9ad1c5be49,5,cora,sage,12348,86.7060546875,86.1152114868164
f5_8d1b9d9ad1c5be49,5,cora,sage,12349,85.22895050048828,83.4564208984375
f5_8d1b9d9ad1c5be49,5,cora,sage,12350,83.60413360595703,84.63810729980469
f5_8d1b9d9ad1c5be49,5,cora,sage,12351,85.37666320800781,84.93353271484375
f5_8d1b9d9ad1c5be49,5,cora,sage,12352,86.26292419433594,86.55834197998047
f5_8d1b9d9ad1c5be49,5,cora,sage,12353,84.78582000732422,85.67208099365234
f5_8d1b9d9ad1c5be49,5,cora,sage,12354,84.93353271484375,86.26292419433594
f5_08efd45df11fbab3,5,cora,sage,12345,83.01329040527344,85.08123779296875
f5_08efd45df11fbab3,5,cora,sage,12346,87.44461059570312,84.63810729980469
f5_08efd45df11fbab3,5,cora,sage,12347,85.96749877929688,85.67208099365234
f5_08efd45df11fbab3,5,cora,sage,12348,85.52436828613281,85.67208099365234
f5_08efd45df11fbab3,5,cora,sage,12349,84.93353271484375,83.4564208984375
f5_08efd45df11fbab3,5,cora,sage,12350,83.60413360595703,84.34268951416016
f5_08efd45df11fbab3,5,cora,sage,12351,85.08123779296875,85.08123779296875
f5_08efd45df11fbab3,5,cora,sage,12352,85.96749877929688,86.85376739501953
f5_08efd45df11fbab3,5,cora,sage,12353,84.78582000732422,85.81979370117188
f5_08efd45df11fbab3,5,cora,sage,12354,84.63810729980469,86.26292419433594
f5_c255b55f3abff83a,5,cora,sage,12345,82.7178726196289,85.52436828613281
f5_c255b55f3abff83a,5,cora,sage,12346,88.33087158203125,85.08123779296875
f5_c255b55f3abff83a,5,cora,sage,12347,85.37666320800781,86.41063690185547
f5_c255b55f3abff83a,5,cora,sage,12348,86.26292419433594,84.78582000732422
f5_c255b55f3abff83a,5,cora,sage,12349,84.93353271484375,85.08123779296875
f5_c255b55f3abff83a,5,cora,sage,12350,83.3087158203125,84.63810729980469
f5_c255b55f3abff83a,5,cora,sage,12351,85.81979370117188,84.93353271484375
f5_c255b55f3abff83a,5,cora,sage,12352,85.81979370117188,87.2968978881836
f5_c255b55f3abff83a,5,cora,sage,12353,84.0472640991211,85.37666320800781
f5_c255b55f3abff83a,5,cora,sage,12354,84.19497680664062,86.55834197998047
f5_e16256f8e292b93d,5,cora,sage,12345,83.3087158203125,85.22895050048828
f5_e16256f8e292b93d,5,cora,sage,12346,87.74002838134766,84.34268951416016
f5_e16256f8e292b93d,5,cora,sage,12347,85.52436828613281,86.55834197998047
f5_e16256f8e292b93d,5,cora,sage,12348,87.00147247314453,84.93353271484375
f5_e16256f8e292b93d,5,cora,sage,12349,85.08123779296875,83.8995590209961
f5_e16256f8e292b93d,5,cora,sage,12350,84.19497680664062,83.8995590209961
f5_e16256f8e292b93d,5,cora,sage,12351,85.22895050048828,85.22895050048828
f5_e16256f8e292b93d,5,cora,sage,12352,86.1152114868164,86.41063690185547
f5_e16256f8e292b93d,5,cora,sage,12353,83.8995590209961,85.08123779296875
f5_e16256f8e292b93d,5,cora,sage,12354,84.34268951416016,86.55834197998047
f5_eec4ab126e50f8b6,5,cora,sage,12345,83.01329040527344,85.08123779296875
f5_eec4ab126e50f8b6,5,cora,sage,12346,87.00147247314453,84.63810729980469
f5_eec4ab126e50f8b6,5,cora,sage,12347,85.81979370117188,87.44461059570312
f5_eec4ab126e50f8b6,5,cora,sage,12348,86.41063690185547,86.26292419433594
f5_eec4ab126e50f8b6,5,cora,sage,12349,85.22895050048828,84.19497680664062
f5_eec4ab126e50f8b6,5,cora,sage,12350,83.8995590209961,84.34268951416016
f5_eec4ab126e50f8b6,5,cora,sage,12351,85.22895050048828,86.1152114868164
f5_eec4ab126e50f8b6,5,cora,sage,12352,85.96749877929688,86.1152114868164
f5_eec4ab126e50f8b6,5,cora,sage,12353,84.63810729980469,85.37666320800781
f5_eec4ab126e50f8b6,5,cora,sage,12354,84.63810729980469,86.85376739501953
f5_9213cf5660cdee87,5,cora,sage,12345,83.16100311279297,85.52436828613281
f5_9213cf5660cdee87,5,cora,sage,12346,87.14918518066406,84.0472640991211
f5_9213cf5660cdee87,5,cora,sage,12347,85.37666320800781,86.7060546875
f5_9213cf5660cdee87,5,cora,sage,12348,86.85376739501953,85.67208099365234
f5_9213cf5660cdee87,5,cora,sage,12349,85.08123779296875,84.19497680664062
f5_9213cf5660cdee87,5,cora,sage,12350,84.0472640991211,84.19497680664062
f5_9213cf5660cdee87,5,cora,sage,12351,85.37666320800781,85.67208099365234
f5_9213cf5660cdee87,5,cora,sage,12352,86.26292419433594,85.81979370117188
f5_9213cf5660cdee87,5,cora,sage,12353,84.19497680664062,85.08123779296875
f5_9213cf5660cdee87,5,cora,sage,12354,84.19497680664062,86.1152114868164
f5_e0ae7c73c6ec9c11,5,cora,sage,12345,82.27474212646484,84.34268951416016
f5_e0ae7c73c6ec9c11,5,cora,sage,12346,84.78582000732422,83.3087158203125
f5_e0ae7c73c6ec9c11,5,cora,sage,12347,84.34268951416016,84.78582000732422
f5_e0ae7c73c6ec9c11,5,cora,sage,12348,85.22895050048828,85.52436828613281
f5_e0ae7c73c6ec9c11,5,cora,sage,12349,84.34268951416016,82.86558532714844
f5_e0ae7c73c6ec9c11,5,cora,sage,12350,82.42245483398438,83.16100311279297
f5_e0ae7c73c6ec9c11,5,cora,sage,12351,84.78582000732422,84.93353271484375
f5_e0ae7c73c6ec9c11,5,cora,sage,12352,83.75184631347656,84.63810729980469
f5_e0ae7c73c6ec9c11,5,cora,sage,12353,83.16100311279297,84.0472640991211
f5_e0ae7c73c6ec9c11,5,cora,sage,12354,84.19497680664062,86.7060546875
f5_09ce289c73489015,5,cora,sage,12345,83.3087158203125,85.81979370117188
f5_09ce289c73489015,5,cora,sage,12346,86.55834197998047,83.8995590209961
f5_09ce289c73489015,5,cora,sage,12347,85.22895050048828,86.1152114868164
f5_09ce289c73489015,5,cora,sage,12348,85.37666320800781,85.52436828613281
f5_09ce289c73489015,5,cora,sage,12349,86.1152114868164,84.34268951416016
f5_09ce289c73489015,5,cora,sage,12350,83.60413360595703,81.83161163330078
f5_09ce289c73489015,5,cora,sage,12351,84.49039459228516,85.08123779296875
f5_09ce289c73489015,5,cora,sage,12352,85.22895050048828,86.7060546875
f5_09ce289c73489015,5,cora,sage,12353,84.49039459228516,84.19497680664062
f5_09ce289c73489015,5,cora,sage,12354,84.34268951416016,87.14918518066406
f5_40665ae0c7c80a2c,5,cora,sage,12345,83.4564208984375,86.1152114868164
f5_40665ae0c7c80a2c,5,cora,sage,12346,86.7060546875,84.0472640991211
f5_40665ae0c7c80a2c,5,cora,sage,12347,85.81979370117188,86.55834197998047
f5_40665ae0c7c80a2c,5,cora,sage,12348,86.55834197998047,85.08123779296875
f5_40665ae0c7c80a2c,5,cora,sage,12349,85.08123779296875,84.49039459228516
f5_40665ae0c7c80a2c,5,cora,sage,12350,82.86558532714844,82.86558532714844
f5_40665ae0c7c80a2c,5,cora,sage,12351,84.78582000732422,86.26292419433594
f5_40665ae0c7c80a2c,5,cora,sage,12352,85.22895050048828,86.26292419433594
f5_40665ae0c7c80a2c,5,cora,sage,12353,85.08123779296875,84.93353271484375
f5_40665ae0c7c80a2c,5,cora,sage,12354,84.78582000732422,86.55834197998047
f5_da3439c9b3ce4b5a,5,cora,sage,12345,83.16100311279297,86.55834197998047
f5_da3439c9b3ce4b5a,5,cora,sage,12346,86.7060546875,85.52436828613281
f5_da3439c9b3ce4b5a,5,cora,sage,12347,85.37666320800781,85.96749877929688
f5_da3439c9b3ce4b5a,5,cora,sage,12348,86.55834197998047,85.37666320800781
f5_da3439c9b3ce4b5a,5,cora,sage,12349,84.49039459228516,83.4564208984375
f5_da3439c9b3ce4b5a,5,cora,sage,12350,81.24076843261719,79.911376953125
f5_da3439c9b3ce4b5a,5,cora,sage,12351,84.93353271484375,85.22895050048828
f5_da3439c9b3ce4b5a,5,cora,sage,12352,84.93353271484375,85.81979370117188
f5_da3439c9b3ce4b5a,5,cora,sage,12353,84.78582000732422,85.96749877929688
f5_da3439c9b3ce4b5a,5,cora,sage,12354,84.78582000732422,87.14918518066406
f5_3ab88b27f493d267,5,cora,sage,12345,82.57015991210938,85.37666320800781
f5_3ab88b27f493d267,5,cora,sage,12346,86.55834197998047,83.8995590209961
f5_3ab88b27f493d267,5,cora,sage,12347,85.81979370117188,86.41063690185547
f5_3ab88b27f493d267,5,cora,sage,12348,87.00147247314453,86.26292419433594
f5_3ab88b27f493d267,5,cora,sage,12349,85.08123779296875,83.60413360595703
f5_3ab88b27f493d267,5,cora,sage,12350,82.27474212646484,81.38848114013672
f5_3ab88b27f493d267,5,cora,sage,12351,84.63810729980469,85.08123779296875
f5_3ab88b27f493d267,5,cora,sage,12352,85.08123779296875,86.85376739501953
f5_3ab88b27f493d267,5,cora,sage,12353,85.37666320800781,85.22895050048828
f5_3ab88b27f493d267,5,cora,sage,12354,84.78582000732422,86.7060546875
f5_69df678e5ff8c22b,5,cora,sage,12345,82.86558532714844,85.22895050048828
f5_69df678e5ff8c22b,5,cora,sage,12346,87.00147247314453,84.63810729980469
f5_69df678e5ff8c22b,5,cora,sage,12347,85.52436828613281,86.26292419433594
f5_69df678e5ff8c22b,5,cora,sage,12348,86.41063690185547,86.1152114868164
f5_69df678e5ff8c22b,5,cora,sage,12349,84.93353271484375,83.4564208984375
f5_69df678e5ff8c22b,5,cora,sage,12350,82.7178726196289,82.86558532714844
f5_69df678e5ff8c22b,5,cora,sage,12351,84.78582000732422,84.49039459228516
f5_69df678e5ff8c22b,5,cora,sage,12352,85.67208099365234,87.44461059570312
f5_69df678e5ff8c22b,5,cora,sage,12353,84.19497680664062,84.93353271484375
f5_69df678e5ff8c22b,5,cora,sage,12354,85.37666320800781,86.85376739501953
f5_870f96433b0ed7f8,5,cora,sage,12345,82.86558532714844,84.93353271484375
f5_870f96433b0ed7f8,5,cora,sage,12346,87.2968978881836,84.63810729980469
f5_870f96433b0ed7f8,5,cora,sage,12347,85.81979370117188,86.41063690185547
f5_870f96433b0ed7f8,5,cora,sage,12348,86.26292419433594,84.93353271484375
f5_870f96433b0ed7f8,5,cora,sage,12349,84.93353271484375,84.34268951416016
f5_870f96433b0ed7f8,5,cora,sage,12350,83.4564208984375,84.0472640991211
f5_870f96433b0ed7f8,5,cora,sage,12351,85.52436828613281,84.49039459228516
f5_870f96433b0ed7f8,5,cora,sage,12352,86.1152114868164,86.55834197998047
f5_870f96433b0ed7f8,5,cora,sage,12353,85.22895050048828,85.67208099365234
f5_870f96433b0ed7f8,5,cora,sage,12354,85.08123779296875,88.03544616699219
f5_885d039fcdc1581f,5,cora,sage,12345,83.01329040527344,85.37666320800781
f5_885d039fcdc1581f,5,cora,sage,12346,87.2968978881836,84.19497680664062
f5_885d039fcdc1581f,5,cora,sage,12347,85.37666320800781,85.67208099365234
f5_885d039fcdc1581f,5,cora,sage,12348,87.00147247314453,84.0472640991211
f5_885d039fcdc1581f,5,cora,sage,12349,84.63810729980469,83.75184631347656
f5_885d039fcdc1581f,5,cora,sage,12350,84.0472640991211,83.8995590209961
f5_885d039fcdc1581f,5,cora,sage,12351,85.81979370117188,84.34268951416016
f5_885d039fcdc1581f,5,cora,sage,12352,86.1152114868164,86.55834197998047
f5_885d039fcdc1581f,5,cora,sage,12353,84.19497680664062,85.81979370117188
f5_885d039fcdc1581f,5,cora,sage,12354,85.37666320800781,86.26292419433594
f5_cf9cf305a4d0c2a4,5,cora,sage,12345,82.7178726196289,85.37666320800781
f5_cf9cf305a4d0c2a4,5,cora,sage,12346,88.03544616699219,84.63810729980469
f5_cf9cf305a4d0c2a4,5,cora,sage,12347,86.1152114868164,86.26292419433594
f5_cf9cf305a4d0c2a4,5,cora,sage,12348,86.41063690185547,85.96749877929688
f5_cf9cf305a4d0c2a4,5,cora,sage,12349,85.52436828613281,84.63810729980469
f5_cf9cf305a4d0c2a4,5,cora,sage,12350,84.63810729980469,83.75184631347656
f5_cf9cf305a4d0c2a4,5,cora,sage,12351,84.93353271484375,84.63810729980469
f5_cf9cf305a4d0c2a4,5,cora,sage,12352,85.67208099365234,87.2968978881836
f5_cf9cf305a4d0c2a4,5,cora,sage,12353,84.19497680664062,85.67208099365234
f5_cf9cf305a4d0c2a4,5,cora,sage,12354,85.37666320800781,86.7060546875
f5_de8be1248648ce0e,5,cora,sage,12345,83.01329040527344,85.22895050048828
f5_de8be1248648ce0e,5,cora,sage,12346,87.2968978881836,84.49039459228516
f5_de8be1248648ce0e,5,cora,sage,12347,85.52436828613281,86.55834197998047
f5_de8be1248648ce0e,5,cora,sage,12348,87.14918518066406,84.93353271484375
f5_de8be1248648ce0e,5,cora,sage,12349,84.78582000732422,83.60413360595703
f5_de8be1248648ce0e,5,cora,sage,12350,83.60413360595703,84.19497680664062
f5_de8be1248648ce0e,5,cora,sage,12351,85.52436828613281,84.78582000732422
f5_de8be1248648ce0e,5,cora,sage,12352,85.52436828613281,86.26292419433594
f5_de8be1248648ce0e,5,cora,sage,12353,84.34268951416016,84.63810729980469
f5_de8be1248648ce0e,5,cora,sage,12354,85.22895050048828,86.55834197998047
f5_2651e0d8f611e10c,5,cora,sage,12345,83.16100311279297,85.52436828613281
f5_2651e0d8f611e10c,5,cora,sage,12346,87.00147247314453,83.8995590209961
f5_2651e0d8f611e10c,5,cora,sage,12347,85.22895050048828,85.96749877929688
f5_2651e0d8f611e10c,5,cora,sage,12348,87.00147247314453,84.93353271484375
f5_2651e0d8f611e10c,5,cora,sage,12349,85.22895050048828,84.49039459228516
f5_2651e0d8f611e10c,5,cora,sage,12350,83.8995590209961,84.49039459228516
f5_2651e0d8f611e10c,5,cora,sage,12351,85.37666320800781,84.34268951416016
f5_2651e0d8f611e10c,5,cora,sage,12352,86.1152114868164,86.1152114868164
f5_2651e0d8f611e10c,5,cora,sage,12353,84.19497680664062,85.22895050048828
f5_2651e0d8f611e10c,5,cora,sage,12354,84.93353271484375,86.7060546875
f5_1408c8010118d1c9,5,cora,sage,12345,82.86558532714844,85.08123779296875
f5_1408c8010118d1c9,5,cora,sage,12346,87.14918518066406,84.63810729980469
f5_1408c8010118d1c9,5,cora,sage,12347,85.52436828613281,86.41063690185547
f5_1408c8010118d1c9,5,cora,sage,12348,86.7060546875,85.67208099365234
f5_1408c8010118d1c9,5,cora,sage,12349,85.37666320800781,85.08123779296875
f5_1408c8010118d1c9,5,cora,sage,12350,83.75184631347656,83.60413360595703
f5_1408c8010118d1c9,5,cora,sage,12351,85.37666320800781,84.78582000732422
f5_1408c8010118d1c9,5,cora,sage,12352,86.26292419433594,86.1152114868164
f5_1408c8010118d1c9,5,cora,sage,12353,84.34268951416016,85.52436828613281
f5_1408c8010118d1c9,5,cora,sage,12354,85.22895050048828,86.85376739501953
f5_2bda881966a4d77b,5,cora,sage,12345,82.7178726196289,85.22895050048828
f5_2bda881966a4d77b,5,cora,sage,12346,87.2968978881836,84.0472640991211
f5_2bda881966a4d77b,5,cora,sage,12347,85.22895050048828,86.1152114868164
f5_2bda881966a4d77b,5,cora,sage,12348,86.55834197998047,84.63810729980469
f5_2bda881966a4d77b,5,cora,sage,12349,85.08123779296875,84.34268951416016
f5_2bda881966a4d77b,5,cora,sage,12350,83.8995590209961,83.8995590209961
f5_2bda881966a4d77b,5,cora,sage,12351,85.22895050048828,84.63810729980469
f5_2bda881966a4d77b,5,cora,sage,12352,85.96749877929688,85.37666320800781
f5_2bda881966a4d77b,5,cora,sage,12353,84.49039459228516,84.93353271484375
f5_2bda881966a4d77b,5,cora,sage,12354,85.08123779296875,86.55834197998047
f5_55c171b6a7e34404,5,cora,sage,12345,82.57015991210938,85.08123779296875
f5_55c171b6a7e34404,5,cora,sage,12346,87.2968978881836,83.75184631347656
f5_55c171b6a7e34404,5,cora,sage,12347,85.67208099365234,86.41063690185547
f5_55c171b6a7e34404,5,cora,sage,12348,85.96749877929688,86.26292419433594
f5_55c171b6a7e34404,5,cora,sage,12349,85.08123779296875,84.19497680664062
f5_55c171b6a7e34404,5,cora,sage,12350,84.0472640991211,83.60413360595703
f5_55c171b6a7e34404,5,cora,sage,12351,84.34268951416016,84.63810729980469
f5_55c171b6a7e34404,5,cora,sage,12352,85.67208099365234,86.1152114868164
f5_55c171b6a7e34404,5,cora,sage,12353,84.34268951416016,85.22895050048828
f5_55c171b6a7e34404,5,cora,sage,12354,85.08123779296875,86.85376739501953
f5_a3bce80453f1a43d,5,cora,sage,12345,83.01329040527344,84.93353271484375
f5_a3bce80453f1a43d,5,cora,sage,12346,86.85376739501953,84.34268951416016
f5_a3bce80453f1a43d,5,cora,sage,12347,84.49039459228516,85.52436828613281
f5_a3bce80453f1a43d,5,cora,sage,12348,87.44461059570312,84.78582000732422
f5_a3bce80453f1a43d,5,cora,sage,12349,84.49039459228516,83.75184631347656
f5_a3bce80453f1a43d,5,cora,sage,12350,84.0472640991211,83.75184631347656
f5_a3bce80453f1a43d,5,cora,sage,12351,84.78582000732422,84.63810729980469
f5_a3bce80453f1a43d,5,cora,sage,12352,85.67208099365234,86.55834197998047
f5_a3bce80453f1a43d,5,cora,sage,12353,84.19497680664062,84.78582000732422
f5_a3bce80453f1a43d,5,cora,sage,12354,84.93353271484375,86.26292419433594
f5_d2b1eeaa3b98c270,5,cora,sage,12345,82.7178726196289,85.37666320800781
f5_d2b1eeaa3b98c270,5,cora,sage,12346,87.44461059570312,84.0472640991211
f5_d2b1eeaa3b98c270,5,cora,sage,12347,84.49039459228516,85.81979370117188
f5_d2b1eeaa3b98c270,5,cora,sage,12348,86.1152114868164,85.96749877929688
f5_d2b1eeaa3b98c270,5,cora,sage,12349,84.78582000732422,83.16100311279297
f5_d2b1eeaa3b98c270,5,cora,sage,12350,84.34268951416016,83.3087158203125
f5_d2b1eeaa3b98c270,5,cora,sage,12351,84.19497680664062,84.49039459228516
f5_d2b1eeaa3b98c270,5,cora,sage,12352,86.55834197998047,86.55834197998047
f5_d2b1eeaa3b98c270,5,cora,sage,12353,84.49039459228516,85.08123779296875
f5_d2b1eeaa3b98c270,5,cora,sage,12354,85.22895050048828,86.26292419433594
f5_featfree_baseline,5,cora,sage,12345,83.3087158203125,85.52436828613281
f5_featfree_baseline,5,cora,sage,12346,87.14918518066406,84.93353271484375
f5_featfree_baseline,5,cora,sage,12347,85.52436828613281,86.26292419433594
f5_featfree_baseline,5,cora,sage,12348,86.26292419433594,86.41063690185547
f5_featfree_baseline,5,cora,sage,12349,85.08123779296875,83.8995590209961
f5_featfree_baseline,5,cora,sage,12350,83.75184631347656,82.86558532714844
f5_featfree_baseline,5,cora,sage,12351,85.81979370117188,85.22895050048828
f5_featfree_baseline,5,cora,sage,12352,85.37666320800781,86.26292419433594
f5_featfree_baseline,5,cora,sage,12353,83.16100311279297,84.0472640991211
f5_featfree_baseline,5,cora,sage,12354,85.96749877929688,87.14918518066406
