source,line_label,mechanism,mechanism_label,x_eps,x_eps_label,x_index,n,candidate_id,verify_rank,x_steps,learning_rate,weight_decay,dropout,tao2,val_acc_mean,val_acc_std,test_acc_mean,test_acc_std,test_acc_ci_low,test_acc_ci_high,point_id
ldp,LDP-HDS,hds,HDS,0.00001,1e-5,0,20,85,4,4,0.001,0,0.25,none,78.03545036315919,2.3895101586967673,77.40768051147461,2.5814216127449066,76.3220085144043,78.50166169166566,f3_3dc570c67829d976
ldp,LDP-HDS,hds,HDS,0.0001,1e-4,1,20,88,1,4,0.001,0.0001,0.25,none,78.02067985534669,2.3145671506014094,77.54800567626953,2.358990414562236,76.54339025497436,78.50830876350402,f3_fe610e7837d46655
ldp,LDP-HDS,hds,HDS,0.001,0.001,2,20,85,4,4,0.001,0,0.25,none,78.03545112609864,2.467065197024446,77.39291038513184,2.43915420859886,76.38109320640564,78.50092314720155,f3_7075ca30e75e40f1
ldp,LDP-HDS,hds,HDS,0.01,0.01,3,20,88,1,4,0.001,0.0001,0.25,none,78.13146209716797,2.403107064781949,77.62924652099609,2.442447071572097,76.58031729698182,78.67060546875,f3_0229fee513905e4c
ldp,LDP-HDS,hds,HDS,0.1,0.1,4,20,91,5,4,0.001,0.001,0.25,none,78.55243682861328,2.0793546330671266,77.59970474243164,2.4286798130317218,76.62444647789002,78.626477060318,f3_a80947dd2e330467
ldp,LDP-HDS,hds,HDS,1,1,5,20,236,1,64,0.001,0.001,0.5,none,82.31905326843261,3.3306398657801104,81.84638061523438,2.6235280591201877,80.582902135849,82.79929809570312,f3_5805dcf4b3bc666d
ldp,LDP-HDS,hds,HDS,2,2,6,20,252,3,64,0.0001,0.01,0.75,none,84.31314544677734,1.6049757261331237,83.77400207519531,1.2861703887743279,83.21251755714417,84.28415680885315,f3_d1bd239f21f4c837
ldp,LDP-HDS,hds,HDS,3,3,7,20,252,5,64,0.0001,0.01,0.75,none,84.40177192687989,1.3439125281671962,83.97341194152833,1.1918447260016374,83.47101134300232,84.43888547897339,f3_2259104f6a4d411d
ldp,LDP-HDS,hds,HDS,4,4,8,20,252,3,64,0.0001,0.01,0.75,none,84.37961502075196,1.3374675029254317,84.01772346496583,1.2289385571535019,83.51550827026367,84.55686683654785,f3_09deaa191fc538b9
ldp,LDP-HDS,hds,HDS,5,5,9,20,252,4,64,0.0001,0.01,0.75,none,84.46085548400879,1.4682150944515524,83.9512550354004,1.1066863199618266,83.50073851585388,84.38700065612792,f3_bf8b86e083b70b9b
ldp,LDP-HDS,hds,HDS,6,6,10,20,239,4,64,0.001,0.01,0.5,none,83.84785690307618,2.2758791250533306,83.22008819580078,1.963347871955581,82.28194124221802,83.96639595031739,f3_c9b851530dfc7a60
ldp,LDP-HDS,hds,HDS,7,7,11,20,250,3,64,0.0001,0.01,0.25,none,84.46085586547852,1.5489038653639327,84.03988075256348,1.3084768933057316,83.47082595825195,84.5864101409912,f3_afcea6715f0fc99c
ldp,LDP-HDS,hds,HDS,8,8,12,20,251,3,64,0.0001,0.01,0.5,none,84.59379539489746,1.6266511049512238,84.08419303894043,1.5645960637854717,83.41155736923218,84.74907416343689,f3_55db5430131000e7
ldp,LDP-HDS,hds,HDS,9,9,13,20,251,4,64,0.0001,0.01,0.5,none,84.51993980407715,1.6660601075516568,84.02511062622071,1.4466859960119387,83.36041373252868,84.58641053199769,f3_ea049e3c72909b3f
ldp,LDP-HDS,hds,HDS,10,10,14,20,232,4,64,0.001,0.0001,0.25,none,84.15066413879394,1.8337286693463581,83.49335174560547,1.5394401554930282,82.86502911567688,84.12850608825684,f3_7e689bd1570c8901
sim,SIM-HDS,hds,HDS,0.00001,1e-5,0,20,88,3,4,0.001,0.0001,0.25,none,78.04283561706544,2.364473223335438,77.11964569091796,2.150109757510465,76.19627000808715,78.0280647277832,f3_01bcf4f9ad4ba40b
sim,SIM-HDS,hds,HDS,0.0001,1e-4,1,20,94,3,4,0.001,0.01,0.25,none,78.0502212524414,2.321897265899415,77.34121170043946,2.2285252591646194,76.42485270500184,78.2570171546936,f3_4331303eb21117ac
sim,SIM-HDS,hds,HDS,0.001,0.001,2,20,94,1,4,0.001,0.01,0.25,none,78.08714866638184,2.280919563403111,77.3412109375,2.091908014630319,76.46214791297912,78.2204582118988,f3_31c9e9be5ee1fafd
sim,SIM-HDS,hds,HDS,0.01,0.01,3,20,94,4,4,0.001,0.01,0.25,none,78.16100425720215,2.2657654931019118,77.3042823791504,2.2150223359141856,76.40306432723999,78.3677978515625,f3_046ccf7bfba4451c
sim,SIM-HDS,hds,HDS,0.1,0.1,4,20,94,3,4,0.001,0.01,0.25,none,78.58936500549316,1.986648347362082,77.59970436096191,1.9344019534115986,76.77991177558899,78.41229665756225,f3_4741abdca3bc7459
sim,SIM-HDS,hds,HDS,1,1,5,20,250,4,64,0.0001,0.01,0.25,none,83.71491737365723,1.5364549074130867,83.50073852539063,1.5410991429284193,82.82108649253846,84.12112199783324,f3_1ff8dc2158eba7d9
sim,SIM-HDS,hds,HDS,2,2,6,20,240,2,64,0.001,0.01,0.75,none,83.75184593200683,2.0127902099861688,83.88478469848633,1.7769903913146663,83.08659399032594,84.56425285339355,f3_78dfc6447bc15f8b
sim,SIM-HDS,hds,HDS,3,3,7,20,227,1,64,0.01,0.01,0.5,none,84.20974807739258,3.128607832859981,83.23485832214355,4.172244269489055,81.3288394832611,84.60154916763305,f3_33b9e1ae51e6ddfa
sim,SIM-HDS,hds,HDS,4,4,8,20,227,1,64,0.01,0.01,0.5,none,84.20974807739258,3.2826440736065767,82.8508113861084,4.473072718271603,80.77510949134827,84.40971108436585,f3_e91ff88e2da0423c
sim,SIM-HDS,hds,HDS,5,5,9,20,250,5,64,0.0001,0.01,0.25,none,84.28360290527344,1.4951859985463987,84.37222900390626,1.1163219714801305,83.8995559501648,84.83751678466797,f3_6932465f59619ca0
sim,SIM-HDS,hds,HDS,6,6,10,20,226,3,64,0.01,0.01,0.25,none,84.40177192687989,2.6748929350593715,83.31609954833985,2.6572656719206282,82.08253211975098,84.18759079933167,f3_820a448c0f3d9738
sim,SIM-HDS,hds,HDS,7,7,11,20,240,3,64,0.001,0.01,0.75,none,83.83308601379395,1.8870439021084426,83.42688179016113,1.5189601011191727,82.77677041053772,84.05502165794373,f3_0bf5956d72a24b86
sim,SIM-HDS,hds,HDS,8,8,12,20,212,5,32,0.0001,0.001,0.5,none,83.58197822570801,1.747913879123961,83.74445991516113,1.3885239174478259,83.1536182308197,84.32071573257447,f3_a99c45daed18105e
sim,SIM-HDS,hds,HDS,9,9,13,20,192,1,32,0.01,0.01,0.75,none,85.3397331237793,1.3245257402531836,84.15066375732422,1.1846931990549263,83.6706050682068,84.6454937171936,f3_45ca31ffa4be25f3
sim,SIM-HDS,hds,HDS,10,10,14,20,227,2,64,0.01,0.01,0.5,none,84.93352890014648,2.651002866934916,84.05465202331543,2.5854219332653803,82.8282852268219,84.96325719833374,f3_b1080ff57062aabc
ldp,LDP-MBM,mbm,MBM,0.00001,1e-5,0,20,91,5,4,0.001,0.001,0.25,none,77.9246669769287,2.398802623071397,76.89069404602051,2.456978962319452,75.7976367855072,77.94700852394104,f3_4b0ddcf8d60e5837
ldp,LDP-MBM,mbm,MBM,0.0001,1e-4,1,20,88,4,4,0.001,0.0001,0.25,none,77.87296867370605,2.3274307265329,77.00147743225098,2.270233543179726,76.0192035484314,77.9322387599945,f3_81cc6b1060fb4296
ldp,LDP-MBM,mbm,MBM,0.001,0.001,2,20,94,4,4,0.001,0.01,0.25,none,77.93205261230469,2.3833982172531702,76.89807929992676,2.612342103294583,75.74593810081481,77.91008109092712,f3_e33fd73b28fa18c8
ldp,LDP-MBM,mbm,MBM,0.01,0.01,3,20,94,4,4,0.001,0.01,0.25,none,77.90251121520996,2.515146110198223,76.63220024108887,2.2037569119276874,75.63496897697449,77.52603342056275,f3_dceab36f3365730d
ldp,LDP-MBM,mbm,MBM,0.1,0.1,4,20,94,4,4,0.001,0.01,0.25,none,78.1536190032959,2.3310291053271692,76.91285133361816,1.950850002463523,76.03378943443299,77.75480081558227,f3_6d0adb99f0d2dc0e
ldp,LDP-MBM,mbm,MBM,1,1,5,20,245,4,64,0.0001,0.0001,0.5,none,84.20974769592286,1.5994565733160044,83.78138732910156,1.214842293109898,83.33825605392457,84.2983738040924,f3_342f8d3bdf252f61
ldp,LDP-MBM,mbm,MBM,2,2,6,20,246,5,64,0.0001,0.0001,0.75,none,84.48301239013672,1.5196205279767265,84.10635032653809,1.4828471690304512,83.4636245918274,84.74150582313538,f3_d37b6f8c73840b60
ldp,LDP-MBM,mbm,MBM,3,3,7,20,252,4,64,0.0001,0.01,0.75,none,84.72673377990722,1.6119726094295652,84.16543464660644,1.226132812782992,83.6482631778717,84.68242150306702,f3_c95aab53af007f84
ldp,LDP-MBM,mbm,MBM,4,4,8,20,226,5,64,0.01,0.01,0.25,none,83.93648376464844,1.3348902588967204,82.9394374847412,2.3204628925598643,81.98633423805236,83.8480422782898,f3_1e287253e95262d4
ldp,LDP-MBM,mbm,MBM,5,5,9,20,238,4,64,0.001,0.01,0.25,none,84.32791633605957,2.0012919811594974,83.75184478759766,1.828649149849451,82.93943670272827,84.49076691627502,f3_d923107dff04beb1
ldp,LDP-MBM,mbm,MBM,6,6,10,20,244,5,64,0.0001,0.0001,0.25,none,84.57902374267579,1.5635152833555195,84.05465240478516,1.2118844778867477,83.58179472923278,84.56425323486329,f3_4caea507b17b6b64
ldp,LDP-MBM,mbm,MBM,7,7,11,20,214,1,32,0.0001,0.01,0.25,none,84.52732582092285,1.4085587911618915,83.6336769104004,1.4635147985369632,83.02067909240722,84.25406037330627,f3_a645d48096fcf687
ldp,LDP-MBM,mbm,MBM,8,8,12,20,250,5,64,0.0001,0.01,0.25,none,84.682421875,1.3504761179779297,83.9438690185547,1.3125297301958714,83.36041257858277,84.46085550308227,f3_aedf96ca9b8b59a9
ldp,LDP-MBM,mbm,MBM,9,9,13,20,251,4,64,0.0001,0.01,0.5,none,84.81536140441895,1.3811639966231772,84.10635070800781,1.4515397213338126,83.52289465904235,84.77123223304748,f3_c3f3890f5c38ab63
ldp,LDP-MBM,mbm,MBM,10,10,14,20,239,1,64,0.001,0.01,0.5,none,84.81536026000977,1.6646815103698482,84.26144638061524,1.5774621378625007,83.56702193260193,84.93371354103088,f3_9ef3a7db07a963c5
sim,SIM-MBM,mbm,MBM,0.00001,1e-5,0,20,94,3,4,0.001,0.01,0.25,none,78.15361938476562,2.075651136592892,77.27474174499511,2.4699377153284114,76.30705374717712,78.31646923065185,f3_3c8601809f629dc7
sim,SIM-MBM,mbm,MBM,0.0001,1e-4,1,20,91,5,4,0.001,0.001,0.25,none,78.19793128967285,2.0764810121022057,77.39290962219238,2.632081533144368,76.24815405845642,78.53064993858337,f3_dae064389801d037
sim,SIM-MBM,mbm,MBM,0.001,0.001,2,20,88,2,4,0.001,0.0001,0.25,none,78.19054641723633,2.037895463217548,77.51107788085938,2.3884397597226634,76.44756316184997,78.57459298133851,f3_f8e23e604fee1379
sim,SIM-MBM,mbm,MBM,0.01,0.01,3,20,88,1,4,0.001,0.0001,0.25,none,78.26440162658692,2.0169378113111027,77.19350051879883,2.299534591214984,76.15195656776427,78.16875915527343,f3_02c3361ce2aa0477
sim,SIM-MBM,mbm,MBM,0.1,0.1,4,20,85,5,4,0.001,0,0.25,none,78.72968826293945,1.978264396995162,77.91728172302246,2.353384970054515,76.92743646621705,78.84785730361938,f3_bc5bcf703472c6b7
sim,SIM-MBM,mbm,MBM,1,1,5,20,191,4,32,0.01,0.01,0.5,none,83.72968940734863,4.427497464373517,82.34859504699708,4.179394524343641,80.21380919456483,83.6410618019104,f3_cc6fd9c33932bb17
sim,SIM-MBM,mbm,MBM,2,2,6,20,252,4,64,0.0001,0.01,0.75,none,84.49039688110352,1.4456721039973865,84.34268684387207,1.4551737041624593,83.72211837768555,84.96325457572937,f3_454acb280d41efec
sim,SIM-MBM,mbm,MBM,3,3,7,20,228,1,64,0.01,0.01,0.75,none,84.8596736907959,1.4704816610541611,83.88478469848633,1.335771168742154,83.3159148979187,84.45346985816956,f3_1409a404a16f42f6
sim,SIM-MBM,mbm,MBM,4,4,8,20,156,3,16,0.01,0.01,0.75,none,84.78581886291504,1.3332752360261217,83.92171287536621,1.5164429226289597,83.32311594009398,84.52049409866332,f3_48efb09349ffd689
sim,SIM-MBM,mbm,MBM,5,5,9,20,192,4,32,0.01,0.01,0.75,none,85.28803443908691,1.7121547138059914,84.44608497619629,1.531382707910042,83.87721446037293,85.10358199119568,f3_d53ff8d58121e9b4
sim,SIM-MBM,mbm,MBM,6,6,10,20,192,3,32,0.01,0.01,0.75,none,85.19940872192383,1.55408515182508,84.53470954895019,1.3665378066243459,83.92872694969178,85.08880917549132,f3_8f68ac135d008a8b
sim,SIM-MBM,mbm,MBM,7,7,11,20,228,1,64,0.01,0.01,0.75,none,85.11078186035157,1.7644739537877887,84.36484375,1.633818856944453,83.67743604660035,85.14032327651977,f3_bb4be9a50c284e4d
sim,SIM-MBM,mbm,MBM,8,8,12,20,192,2,32,0.01,0.01,0.75,none,85.33234672546386,1.6117579954703911,84.81536064147949,1.3286161247489723,84.25387614250184,85.37684515953065,f3_0446adefcd94fa1b
sim,SIM-MBM,mbm,MBM,9,9,13,20,192,2,32,0.01,0.01,0.75,none,85.34711799621581,1.4001568333538996,84.50516815185547,1.3460467522374397,83.95827023506165,85.08880807876588,f3_02a3c9c2976591cf
sim,SIM-MBM,mbm,MBM,10,10,14,20,228,1,64,0.01,0.01,0.75,none,85.30280494689941,1.443686196487907,84.68242111206055,1.3063900970731457,84.14327850341797,85.2439056301117,f3_a5ff03aa55711b79
ldp,LDP-PM,pm,PM,0.00001,1e-5,0,20,85,4,4,0.001,0,0.25,none,78.05022163391114,2.3698697822683497,77.33382530212403,2.6975819100253884,76.13737067222594,78.4940914440155,f3_957ba2da8ad31d3c
ldp,LDP-PM,pm,PM,0.0001,1e-4,1,20,94,3,4,0.001,0.01,0.25,none,78.03545112609864,2.320265731332837,77.34859695434571,2.7468524405062107,76.12998615264893,78.50830917358398,f3_87b8d6ed9b1167fb
ldp,LDP-PM,pm,PM,0.001,0.001,2,20,91,1,4,0.001,0.001,0.25,none,78.0280647277832,2.385072766158391,77.56277694702149,2.346250339920268,76.61004520416259,78.57477833747863,f3_dc32b384cfc82e3e
ldp,LDP-PM,pm,PM,0.01,0.01,3,20,88,2,4,0.001,0.0001,0.25,none,78.13146171569824,2.3606820874988004,77.43722267150879,2.2696146196061253,76.49889109611512,78.47211992263793,f3_9dda24fd9f6e8b66
ldp,LDP-PM,pm,PM,0.1,0.1,4,20,94,5,4,0.001,0.01,0.25,none,78.47858200073242,2.210260267478951,77.81388359069824,2.3323591813742914,76.80945281028747,78.84822618484498,f3_e9b2a59fc2abf35a
ldp,LDP-PM,pm,PM,1,1,5,20,251,3,64,0.0001,0.01,0.5,none,84.09896507263184,1.4162018028497736,83.36779747009277,1.4146805844919117,82.77677116394044,83.95882490158081,f3_9b162fc60b5c191c
ldp,LDP-PM,pm,PM,2,2,6,20,250,5,64,0.0001,0.01,0.25,none,84.36484336853027,1.4250934352626126,83.57459182739258,1.2882449368507851,83.0718223285675,84.15066261291504,f3_9829a30e8cd330b5
ldp,LDP-PM,pm,PM,3,3,7,20,249,5,64,0.0001,0.001,0.75,none,84.32791633605957,1.4158962195696299,83.92171249389648,1.220193846568406,83.41192628860473,84.43149832725526,f3_7354b509a0c3800e
ldp,LDP-PM,pm,PM,4,4,8,20,238,4,64,0.001,0.01,0.25,none,84.01033935546874,1.9294089140437505,83.64844779968261,1.467824082393149,83.01310842514037,84.26883164405824,f3_eb13fae5769c21a8
ldp,LDP-PM,pm,PM,5,5,9,20,203,1,32,0.001,0.01,0.5,none,83.74445991516113,1.4983112281535627,83.50073776245117,1.5895182835036221,82.82846987724305,84.12869261741639,f3_be0e2fe71cf3f3bf
ldp,LDP-PM,pm,PM,6,6,10,20,202,2,32,0.001,0.01,0.25,none,83.63367614746093,1.6947616992514027,83.33825645446777,1.4713409174305796,82.73264387130737,83.98098255157471,f3_b006628503ba9d8f
ldp,LDP-PM,pm,PM,7,7,11,20,248,5,64,0.0001,0.001,0.5,none,84.5716381072998,1.5502930696048598,84.09896507263184,1.3100552523813433,83.56702344894408,84.66044960021972,f3_34d7b20e79c40a09
ldp,LDP-PM,pm,PM,8,8,12,20,238,4,64,0.001,0.01,0.25,none,84.4165428161621,1.7128928211235555,84.06203727722168,1.5312321490016294,83.37481459617615,84.68980600357055,f3_f70c467731e97468
ldp,LDP-PM,pm,PM,9,9,13,20,203,4,32,0.001,0.01,0.5,none,84.18759193420411,1.6912843146761372,83.92909812927246,1.7670751035665337,83.21233292579652,84.7193485546112,f3_c4f839c61c6d9625
ldp,LDP-PM,pm,PM,10,10,14,20,245,5,64,0.0001,0.0001,0.5,none,84.43131256103516,1.4905704355069391,83.9734115600586,1.2738128170865162,83.43389891624452,84.54228095054627,f3_7c71359f94198c89
sim,SIM-PM,pm,PM,0.00001,1e-5,0,20,88,3,4,0.001,0.0001,0.25,none,78.04283561706544,2.364473223335438,77.11964569091796,2.150109757510465,76.21067272186279,78.06499291419983,f3_c7f7689dd7f359e5
sim,SIM-PM,pm,PM,0.0001,1e-4,1,20,94,3,4,0.001,0.01,0.25,none,78.03545036315919,2.31877940488068,77.2895133972168,2.1992060725688454,76.35893743515015,78.19811782836913,f3_818b2ce2bca3699a
sim,SIM-PM,pm,PM,0.001,0.001,2,20,88,4,4,0.001,0.0001,0.25,none,78.06499252319335,2.338701444212124,77.25997009277344,2.0408228144288527,76.43223722457887,78.15417289733887,f3_4678fa60d1a1628c
sim,SIM-PM,pm,PM,0.01,0.01,3,20,94,4,4,0.001,0.01,0.25,none,78.1462329864502,2.330326778833488,77.3559814453125,2.210780424630091,76.42540622711181,78.27935605049134,f3_5d1adfdfb6e210a9
sim,SIM-PM,pm,PM,0.1,0.1,4,20,94,3,4,0.001,0.01,0.25,none,78.57459335327148,2.0509266015278933,77.8729694366455,2.2037560937308154,76.956795835495,78.81831591606141,f3_472ab1537094616e
sim,SIM-PM,pm,PM,1,1,5,20,247,5,64,0.0001,0.001,0.25,none,83.92171249389648,1.7134108473798781,83.87739906311035,1.2897369939671994,83.37518347740173,84.43869857788086,f3_238a098ac5af445d
sim,SIM-PM,pm,PM,2,2,6,20,192,2,32,0.01,0.01,0.75,none,84.38700141906739,1.2442614784250996,83.78877258300781,1.5835652617962561,83.11650581359864,84.4608551120758,f3_7904e332a47ba54d
sim,SIM-PM,pm,PM,3,3,7,20,227,5,64,0.01,0.01,0.5,none,85.35450439453125,1.2654688638311584,84.18020629882812,1.1970345489902365,83.65583494186401,84.71953391075135,f3_7b2d183f7697d693
sim,SIM-PM,pm,PM,4,4,8,20,227,2,64,0.01,0.01,0.5,none,85.54652824401856,1.5004567587655555,84.83013191223145,1.1168358837032437,84.32791632652282,85.31776120185852,f3_39e3d2adbbcf19b6
sim,SIM-PM,pm,PM,5,5,9,20,227,1,64,0.01,0.01,0.5,none,85.08862533569337,2.0136320102757783,84.15804977416992,2.373489182139796,83.04892881393432,85.05188329696655,f3_4f371d7a2299727d
sim,SIM-PM,pm,PM,6,6,10,20,192,2,32,0.01,0.01,0.75,none,85.22895050048828,1.433708447739996,84.34268722534179,1.5320569853357844,83.67762105941773,84.99261362075805,f3_8daa9de7cfa5e570
sim,SIM-PM,pm,PM,7,7,11,20,228,5,64,0.01,0.01,0.75,none,85.50959968566895,1.5572582073202421,84.83751792907715,1.5831293499808816,84.15786552429199,85.43611449241638,f3_b5265559539022b5
sim,SIM-PM,pm,PM,8,8,12,20,227,2,64,0.01,0.01,0.5,none,85.6720817565918,1.383988489933221,84.83751678466797,1.162357395740616,84.30557405471802,85.34748764038086,f3_441baec11985f38a
sim,SIM-PM,pm,PM,9,9,13,20,228,3,64,0.01,0.01,0.75,none,85.60561103820801,1.5818252077392865,84.78581886291504,1.2123822206351518,84.29098892211914,85.32496187210083,f3_9b8308770851a509
sim,SIM-PM,pm,PM,10,10,14,20,228,4,64,0.01,0.01,0.75,none,85.50221481323243,1.651992258484527,85.13293800354003,1.1303009143039007,84.6748508644104,85.60579604148865,f3_0f1a3447ba633a55
